Site,ID,Time,Correction,errors
Skipping REC... Site: CHLA, ID: NDAR_INV2HYAENE6, elapsed_time: 0:00:13.92\,pGUID naming,pGUID naming
Site: CHLA, ID: NDAR_INV49YTZ5Z4, elapsed_time: 0:00:20.39\,,No WM or REC
Site: CHLA, ID: NDAR_INV4BAP6ERL, elapsed_time: 0:00:26.64\,,Aborted Task early
Site: CHLA, ID: NDAR_INV56L41G67, elapsed_time: 0:00:32.78\,,Note in data file
Site: CHLA, ID: NDAR_INV68TA7J93, elapsed_time: 0:00:39.24\,,Unicode
Skipping WM... Site: CHLA, ID: NDAR_INV8P62FV1D, elapsed_time: 0:00:45.74\,No WM or REC,Wrong Participant
Site: CHLA, ID: NDAR_INVD0TZD25R, elapsed_time: 0:00:58.81\,,Other
Site: CHLA, ID: NDAR_INVDT85NUFE, elapsed_time: 0:01:5.54\,,
Site: CHLA, ID: NDAR_INVE2MXC5UG, elapsed_time: 0:01:12.11\,,
Site: CHLA, ID: NDAR_INVFCVZ66WZ, elapsed_time: 0:01:18.43\,,
Site: CHLA, ID: NDAR_INVHRZ2FCEJ, elapsed_time: 0:01:24.43\,,
Site: CHLA, ID: NDAR_INVJ9D04KNJ, elapsed_time: 0:01:31.11\,,
Site: CHLA, ID: NDAR_INVKGX16MTR, elapsed_time: 0:01:37.77\,,
Site: CHLA, ID: NDAR_INVKKTCT4B0, elapsed_time: 0:01:43.87\,,
Site: CHLA, ID: NDAR_INVLYKAB1UX, elapsed_time: 0:01:50.15\,,
Site: CHLA, ID: NDAR_INVPNUJ3TUX_backup, elapsed_time: 0:01:56.35\,,
Site: CHLA, ID: NDAR_INVR2JZ1RD8, elapsed_time: 0:02:2.48\,,
Skipping WM... Site: CHLA, ID: NDAR_INVR2JZ1RD8_backup, elapsed_time: 0:02:2.50\,pGUID naming,
Site: CHLA, ID: NDAR_INVT4TG0ET6, elapsed_time: 0:02:9.43\,,
Site: CHLA, ID: NDAR_INVTHZ2FDT4, elapsed_time: 0:02:15.53\,,
Site: CHLA, ID: NDAR_INVUCF0VBM1, elapsed_time: 0:02:21.71\,,
Site: CHLA, ID: NDAR_INVUGKWA479, elapsed_time: 0:02:28.10\,,
Site: CHLA, ID: NDAR_INVX45DG8HN, elapsed_time: 0:02:34.67\,,
Skipping WM... Site: CHLA, ID: NDAR_INVX5TYFUMN, elapsed_time: 0:02:36.53\,Aborted Task early,
Site: CHLA, ID: NDAR_INVXX3MZNV7, elapsed_time: 0:02:43.12\,,
Site: CHLA, ID: NDAR_INVZVD13ZMG, elapsed_time: 0:02:49.65\,,
Site: CUB, ID: NDAR_INV02EBX0JJ, elapsed_time: 0:02:56.01\,,
Site: CUB, ID: NDAR_INV0U23M45G, elapsed_time: 0:03:2.49\,,
Site: CUB, ID: NDAR_INV0UMM15GY, elapsed_time: 0:03:9.50\,,
Site: CUB, ID: NDAR_INV1H96TWEB, elapsed_time: 0:03:15.60\,,
Site: CUB, ID: NDAR_INV1K3LDK3L, elapsed_time: 0:03:21.82\,,
Site: CUB, ID: NDAR_INV33AC40WZ, elapsed_time: 0:03:28.61\,,
Site: CUB, ID: NDAR_INV36E4JVZ2, elapsed_time: 0:03:35.09\,,
Site: CUB, ID: NDAR_INV36E4JVZ2_backup, elapsed_time: 0:03:41.32\,,
Site: CUB, ID: NDAR_INV3GFD7GXB, elapsed_time: 0:03:47.59\,,
Site: CUB, ID: NDAR_INV3LT00AFX, elapsed_time: 0:03:54.21\,,
Site: CUB, ID: NDAR_INV3VNNK2J3, elapsed_time: 0:04:7.18\,,
Site: CUB, ID: NDAR_INV4Z7P5V1J, elapsed_time: 0:04:13.30\,,
Site: CUB, ID: NDAR_INV51G1DFV9, elapsed_time: 0:04:20.04\,,
Skipping WM... Site: CUB, ID: NDAR_INV54X5F37C, elapsed_time: 0:04:20.05\,pGUID naming,
Site: CUB, ID: NDAR_INV5A4NMKKA, elapsed_time: 0:04:26.76\,,
Site: CUB, ID: NDAR_INV5XJMU584, elapsed_time: 0:04:32.99\,,
Site: CUB, ID: NDAR_INV67G76XVR, elapsed_time: 0:04:39.36\,,
Site: CUB, ID: NDAR_INV67KWVPR7, elapsed_time: 0:04:45.93\,,
Site: CUB, ID: NDAR_INV6BB3VGEP, elapsed_time: 0:04:52.25\,,
Site: CUB, ID: NDAR_INV6W30KJMZ, elapsed_time: 0:04:58.63\,,
Site: CUB, ID: NDAR_INV7ATXXJUG, elapsed_time: 0:05:5.21\,,
Site: CUB, ID: NDAR_INV7LCUDWGP, elapsed_time: 0:05:12.03\,,
Site: CUB, ID: NDAR_INV84NCVEYA, elapsed_time: 0:05:18.51\,,
Site: CUB, ID: NDAR_INV897CW9GM, elapsed_time: 0:05:24.95\,,
Site: CUB, ID: NDAR_INV8JFJ11AG, elapsed_time: 0:05:31.37\,,
Skipping REC... Site: CUB, ID: NDAR_INV8PVUD11K, elapsed_time: 0:05:37.24\,Note in data file,
Site: CUB, ID: NDAR_INV8VLTHVN5, elapsed_time: 0:05:44.08\,,
Site: CUB, ID: NDAR_INV97A3711A, elapsed_time: 0:05:50.21\,,
Site: CUB, ID: NDAR_INV97YY6Y1R, elapsed_time: 0:05:56.47\,,
Skipping WM... Site: CUB, ID: NDAR_INV9KF0YHH2, elapsed_time: 0:05:56.48\,pGUID naming,
Site: CUB, ID: NDAR_INVAZ0PNBVG, elapsed_time: 0:06:2.77\,,
Site: CUB, ID: NDAR_INVBKHXB1E6, elapsed_time: 0:06:8.80\,,
Site: CUB, ID: NDAR_INVBU2E2YDP, elapsed_time: 0:06:15.54\,,
Skipping WM... Site: CUB, ID: NDAR_INVCA6UX1YE, elapsed_time: 0:06:24.97\,Note in data file,
Site: CUB, ID: NDAR_INVCLA2CZ2U, elapsed_time: 0:06:31.65\,,
Site: CUB, ID: NDAR_INVCT3X58XN, elapsed_time: 0:06:37.87\,,
Site: CUB, ID: NDAR_INVCVZ70012, elapsed_time: 0:06:43.94\,,
Site: CUB, ID: NDAR_INVCXKTLU8R, elapsed_time: 0:06:50.86\,,
Site: CUB, ID: NDAR_INVDA6VVDEG, elapsed_time: 0:06:57.48\,,
Site: CUB, ID: NDAR_INVDA6VVDEG_backup, elapsed_time: 0:07:3.79\,,
Site: CUB, ID: NDAR_INVDR3M36J1, elapsed_time: 0:07:9.96\,,
Site: CUB, ID: NDAR_INVE7949ZLU, elapsed_time: 0:07:16.51\,,
Site: CUB, ID: NDAR_INVEDNJMEJ0, elapsed_time: 0:07:22.90\,,
Site: CUB, ID: NDAR_INVEJ8E4U10, elapsed_time: 0:07:29.89\,,
Site: CUB, ID: NDAR_INVEW9ZPKZK, elapsed_time: 0:07:36.35\,,
Site: CUB, ID: NDAR_INVEYXZ3PDP, elapsed_time: 0:07:42.79\,,
Site: CUB, ID: NDAR_INVGKARWYND, elapsed_time: 0:07:49.34\,,
Site: CUB, ID: NDAR_INVH6H319AA, elapsed_time: 0:07:56.32\,,
Site: CUB, ID: NDAR_INVHLBDK2HU, elapsed_time: 0:08:2.34\,,
Site: CUB, ID: NDAR_INVHMNN9G5J, elapsed_time: 0:08:9.28\,,
Site: CUB, ID: NDAR_INVJE2LLWLD, elapsed_time: 0:08:16.19\,,
Site: CUB, ID: NDAR_INVJPA3LE7X, elapsed_time: 0:08:22.38\,,
Site: CUB, ID: NDAR_INVJVZE8PZH, elapsed_time: 0:08:29.19\,,
Skipping REC... Site: CUB, ID: NDAR_INVK9N3BY03, elapsed_time: 0:08:38.49\,Other,REC lowercase
Site: CUB, ID: NDAR_INVLWRKNUN1, elapsed_time: 0:08:45.06\,,
Site: CUB, ID: NDAR_INVLZHGWH8V, elapsed_time: 0:08:51.82\,,
Site: CUB, ID: NDAR_INVMF00X6VN, elapsed_time: 0:08:58.50\,,
Site: CUB, ID: NDAR_INVMTVTFDC0, elapsed_time: 0:09:5.64\,,
Site: CUB, ID: NDAR_INVNF2BWTVU, elapsed_time: 0:09:12.24\,,
Site: CUB, ID: NDAR_INVNMJZEZRD, elapsed_time: 0:09:18.50\,,
Skipping WM... Site: CUB, ID: NDAR_INVP6166U2A, elapsed_time: 0:09:19.20\,Aborted Task early,
Site: CUB, ID: NDAR_INVPV0GEE35, elapsed_time: 0:09:32.21\,,
Site: CUB, ID: NDAR_INVR2HJCC0M, elapsed_time: 0:09:38.35\,,
Site: CUB, ID: NDAR_INVTD7KHM6F, elapsed_time: 0:09:44.90\,,
Site: CUB, ID: NDAR_INVTRNDDNH4, elapsed_time: 0:09:51.13\,,
Skipping WM... Site: CUB, ID: NDAR_INVTZ0RTCNR, elapsed_time: 0:09:53.58\,aborted Task early,
Skipping REC... Site: CUB, ID: NDAR_INVU830CVT7, elapsed_time: 0:09:59.30\,aborted Task early,
Site: CUB, ID: NDAR_INVUY1UGEA3, elapsed_time: 0:10:5.33\,,
Site: CUB, ID: NDAR_INVV0E701P6, elapsed_time: 0:10:11.90\,,
Site: CUB, ID: NDAR_INVV1F9DNZH, elapsed_time: 0:10:18.52\,,
Site: CUB, ID: NDAR_INVV4GUZKKA, elapsed_time: 0:10:24.75\,,
Site: CUB, ID: NDAR_INVVJ7A5WBE, elapsed_time: 0:10:31.84\,,
Site: CUB, ID: NDAR_INVVKA7FXC3, elapsed_time: 0:10:38.95\,,
Site: CUB, ID: NDAR_INVVL1JXMTC, elapsed_time: 0:10:45.36\,,
Site: CUB, ID: NDAR_INVVT3K0T1N, elapsed_time: 0:10:51.92\,,
Site: CUB, ID: NDAR_INVW1J6282F, elapsed_time: 0:10:58.60\,,
Skipping WM... Site: CUB, ID: NDAR_INVW9750ZMA, elapsed_time: 0:10:58.61\,pGUID naming,
Site: CUB, ID: NDAR_INVXMWLDC53, elapsed_time: 0:11:4.58\,,
Site: CUB, ID: NDAR_INVXPLRAK5R, elapsed_time: 0:11:11.16\,,
Site: CUB, ID: NDAR_INVXW3ZZZXY, elapsed_time: 0:11:18.15\,,
Skipping WM... Site: CUB, ID: NDAR_INVY6BNA3UK, elapsed_time: 0:11:18.15\,note in data file,
Site: CUB, ID: NDAR_INVYEM9LW83, elapsed_time: 0:11:24.19\,,
Site: CUB, ID: NDAR_INVYRW56GJ2, elapsed_time: 0:11:30.53\,,
Site: CUB, ID: NDAR_INVZ3XXUKWN, elapsed_time: 0:11:37.07\,,
Skipping WM... Site: FIU, ID: NDAR_INV03W1RVH6, elapsed_time: 0:11:37.08\,No WM or REC,
Skipping WM... Site: FIU, ID: NDAR_INV0W9TND86, elapsed_time: 0:11:42.82\,pGUID naming,
Site: FIU, ID: NDAR_INV1378XGLA, elapsed_time: 0:11:49.25\,,
Skipping WM... Site: FIU, ID: NDAR_INV137Y0WR8, elapsed_time: 0:11:54.81\,Other,"Refine analysis? Data File has one less line than expected; WM present, no REC"
Site: FIU, ID: NDAR_INV1AKMLL9A, elapsed_time: 0:12:1.11\,,
Site: FIU, ID: NDAR_INV1B7G7LND, elapsed_time: 0:12:7.43\,,
Site: FIU, ID: NDAR_INV1JXDFV9Z, elapsed_time: 0:12:13.92\,,
Skipping REC... Site: FIU, ID: NDAR_INV1LFG71CX, elapsed_time: 0:12:16.19\,No WM or REC,
Skipping REC... Site: FIU, ID: NDAR_INV2H0H09CW, elapsed_time: 0:12:19.11\,pGUID naming,lowercase
Site: FIU, ID: NDAR_INV3HC4V43B, elapsed_time: 0:12:25.94\,,
Site: FIU, ID: NDAR_INV46KRVLWU, elapsed_time: 0:12:32.23\,,
Site: FIU, ID: NDAR_INV4X8Z8RG2, elapsed_time: 0:12:39.47\,,
Site: FIU, ID: NDAR_INV59MJGL9R, elapsed_time: 0:12:46.03\,,
Site: FIU, ID: NDAR_INV5G2YX7EG, elapsed_time: 0:12:52.24\,,
Skipping REC... Site: FIU, ID: NDAR_INV5XAZTBUE, elapsed_time: 0:13:0.80\,other,Data File has one less line than expected.  Edit analysis file?
Site: FIU, ID: NDAR_INV6F1LPHLT, elapsed_time: 0:13:7.26\,,
Skipping REC... Site: FIU, ID: NDAR_INV6LJL1R97, elapsed_time: 0:13:10.16\,No WM or REC,
Skipping REC... Site: FIU, ID: NDAR_INV6M1Y11R0, elapsed_time: 0:13:19.30\,Other,Data File has one less line than expected.  Edit analysis file?
Site: FIU, ID: NDAR_INV6YVYFKU7, elapsed_time: 0:13:25.44\,,
Site: FIU, ID: NDAR_INV87C4733D, elapsed_time: 0:13:31.86\,,
Site: FIU, ID: NDAR_INV87L30DBB, elapsed_time: 0:13:38.40\,,
Site: FIU, ID: NDAR_INV8UF58XPK, elapsed_time: 0:13:45.53\,,
Site: FIU, ID: NDAR_INV8Y8A8NU0, elapsed_time: 0:13:52.08\,,
Site: FIU, ID: NDAR_INV8YGWRPZ8, elapsed_time: 0:13:58.27\,,
Site: FIU, ID: NDAR_INV9FXBK9TB, elapsed_time: 0:14:4.94\,,
Site: FIU, ID: NDAR_INVA1CW8FGN, elapsed_time: 0:14:11.94\,,
Site: FIU, ID: NDAR_INVAWBNZMY0, elapsed_time: 0:14:18.50\,,
Skipping REC... Site: FIU, ID: NDAR_INVAYDXW667, elapsed_time: 0:14:21.47\,pGUID naming,
Site: FIU, ID: NDAR_INVAYHAR3EY, elapsed_time: 0:14:27.71\,,
Site: FIU, ID: NDAR_INVB4Z249PC, elapsed_time: 0:14:33.97\,,
Site: FIU, ID: NDAR_INVB7CUAZH9, elapsed_time: 0:14:41.13\,,
Site: FIU, ID: NDAR_INVBHCAN3DK, elapsed_time: 0:14:47.76\,,
Site: FIU, ID: NDAR_INVBK00V5B8, elapsed_time: 0:14:54.02\,,
Site: FIU, ID: NDAR_INVC7HBE7N7, elapsed_time: 0:15:0.84\,,
Site: FIU, ID: NDAR_INVD7MKAFA0, elapsed_time: 0:15:7.65\,,
Site: FIU, ID: NDAR_INVDB8CUMHL, elapsed_time: 0:15:14.23\,,
Site: FIU, ID: NDAR_INVDEHN3PH7, elapsed_time: 0:15:20.59\,,
Site: FIU, ID: NDAR_INVDKM7MF67, elapsed_time: 0:15:27.27\,,
Site: FIU, ID: NDAR_INVEMVC0WTK, elapsed_time: 0:15:33.74\,,
Site: FIU, ID: NDAR_INVEYANDC02, elapsed_time: 0:15:40.17\,,
Site: FIU, ID: NDAR_INVFDM0PRRA, elapsed_time: 0:15:46.63\,,
Site: FIU, ID: NDAR_INVG269TZZX, elapsed_time: 0:15:53.16\,,
Site: FIU, ID: NDAR_INVGU0XFNRV, elapsed_time: 0:16:0.12\,,
Skipping WM... Site: FIU, ID: NDAR_INVHY2NHY1C, elapsed_time: 0:16:10.22\,Aborted Task early,Data File has one less line than expected.  Edit analysis file?
Site: FIU, ID: NDAR_INVHZDNK5V8, elapsed_time: 0:16:17.33\,,
Site: FIU, ID: NDAR_INVKV552N4Y, elapsed_time: 0:16:24.14\,,
Site: FIU, ID: NDAR_INVLTJFH518, elapsed_time: 0:16:30.55\,,
Skipping WM... Site: FIU, ID: NDAR_INVLU997J7H, elapsed_time: 0:16:30.56\,pGUID naming,
Site: FIU, ID: NDAR_INVMNXPRD46, elapsed_time: 0:16:37.91\,,
Site: FIU, ID: NDAR_INVN2RB0FR4, elapsed_time: 0:16:44.07\,,
Site: FIU, ID: NDAR_INVN3M2X26L, elapsed_time: 0:16:50.62\,,
Skipping WM... Site: FIU, ID: NDAR_INVNAKWFMZ9, elapsed_time: 0:16:50.63\,pGUID naming,
Site: FIU, ID: NDAR_INVNDF1FD44, elapsed_time: 0:16:56.85\,,
Site: FIU, ID: NDAR_INVNWUL0U0R, elapsed_time: 0:17:3.68\,,
Site: FIU, ID: NDAR_INVPCLAGP3Z, elapsed_time: 0:17:10.30\,,
Site: FIU, ID: NDAR_INVPCULUWVC, elapsed_time: 0:17:17.27\,,
Site: FIU, ID: NDAR_INVPDUZETD1, elapsed_time: 0:17:23.83\,,
Site: FIU, ID: NDAR_INVRLETBAV0, elapsed_time: 0:17:30.26\,,
Site: FIU, ID: NDAR_INVTE4HH4XV, elapsed_time: 0:17:36.64\,,
Site: FIU, ID: NDAR_INVTHHL55VX, elapsed_time: 0:17:43.28\,,
Site: FIU, ID: NDAR_INVTXP1FUP8, elapsed_time: 0:17:50.42\,,
Site: FIU, ID: NDAR_INVU5MDAXXV, elapsed_time: 0:17:56.75\,,
Site: FIU, ID: NDAR_INVUF504K04, elapsed_time: 0:18:3.10\,,
Site: FIU, ID: NDAR_INVVNAD3K0E, elapsed_time: 0:18:10.44\,,
Site: FIU, ID: NDAR_INVVXH1GGXB, elapsed_time: 0:18:17.17\,,
Skipping REC... Site: FIU, ID: NDAR_INVW26YNDL9, elapsed_time: 0:18:20.24\,pGUID naming,not labeled REC
Site: FIU, ID: NDAR_INVWMBFRZWJ, elapsed_time: 0:18:26.90\,,
Site: FIU, ID: NDAR_INVWTBPTVCP, elapsed_time: 0:18:33.56\,,
Site: FIU, ID: NDAR_INVX64TGR65, elapsed_time: 0:18:39.95\,,
Skipping WM... Site: FIU, ID: NDAR_INVXEKGFN5Y, elapsed_time: 0:18:45.54\,Other,Data File has one less line than expected.  Edit analysis file?
Skipping REC... Site: FIU, ID: NDAR_INVYAEE6YN4, elapsed_time: 0:18:48.45\,No WM or REC,
Site: FIU, ID: NDAR_INVYD28H9BD, elapsed_time: 0:18:55.43\,,
Skipping REC... Site: FIU, ID: NDAR_INVZTHTZP3K, elapsed_time: 0:18:57.82\,No WM or REC,
Skipping REC... Site: FIU, ID: NDAR_INVZZZNB0XC, elapsed_time: 0:19:0.89\,pGUID naming,not labeled REC
Site: LIBR, ID: NDAR_INV0J6LY05U, elapsed_time: 0:19:8.17\,,
Skipping WM... Site: LIBR, ID: NDAR_INV1415W413, elapsed_time: 0:19:24.40\,Unicode,
Site: LIBR, ID: NDAR_INV1DZWFKCG, elapsed_time: 0:19:31.57\,,
Skipping REC... Site: LIBR, ID: NDAR_INV1EZ26N40, elapsed_time: 0:19:35.08\,pGUID naming,REC lowercase
Skipping WM... Site: LIBR, ID: NDAR_INV1FW43D9V, elapsed_time: 0:19:51.28\,Unicode,
Skipping REC... Site: LIBR, ID: NDAR_INV1L5VJRZG, elapsed_time: 0:19:54.75\,pGUID naming,REC lowercase
Skipping WM... Site: LIBR, ID: NDAR_INV1ZD6AF6H, elapsed_time: 0:20:10.61\,Unicode,
Site: LIBR, ID: NDAR_INV2484CB0H, elapsed_time: 0:20:17.98\,,
Site: LIBR, ID: NDAR_INV27BUCF9E, elapsed_time: 0:20:25.26\,,
Site: LIBR, ID: NDAR_INV29TAPT8B, elapsed_time: 0:20:31.85\,,
Site: LIBR, ID: NDAR_INV37E785RU_backup, elapsed_time: 0:20:39.39\,,
Skipping WM... Site: LIBR, ID: NDAR_INV3LA2YW3R, elapsed_time: 0:20:55.28\,Unicode,
Skipping REC... Site: LIBR, ID: NDAR_INV3Y5UF4TX, elapsed_time: 0:21:5.38\,Unicode,
Skipping WM... Site: LIBR, ID: NDAR_INV4T2VAM3Y, elapsed_time: 0:21:21.37\,Unicode,
Site: LIBR, ID: NDAR_INV4TG8X5LW, elapsed_time: 0:21:28.45\,,
Skipping REC... Site: LIBR, ID: NDAR_INV5AEUN2YL, elapsed_time: 0:21:31.95\,pGUID naming,REC lowercase
Skipping WM... Site: LIBR, ID: NDAR_INV5AF8JW1F, elapsed_time: 0:21:47.57\,Unicode,
Site: LIBR, ID: NDAR_INV5BA97WFG, elapsed_time: 0:21:54.25\,,
Site: LIBR, ID: NDAR_INV5MYF77YV, elapsed_time: 0:22:1.13\,,
Skipping WM... Site: LIBR, ID: NDAR_INV5RCURZX7, elapsed_time: 0:22:16.78\,Unicode,
Skipping WM... Site: LIBR, ID: NDAR_INV5VJHAFVK, elapsed_time: 0:22:32.46\,Unicode,
Site: LIBR, ID: NDAR_INV5YKAB0PN, elapsed_time: 0:22:39.98\,,
Site: LIBR, ID: NDAR_INV68L0WZRB, elapsed_time: 0:22:47.43\,,
Site: LIBR, ID: NDAR_INV6VXADERG, elapsed_time: 0:22:54.72\,,
Site: LIBR, ID: NDAR_INV6X9N1DLT, elapsed_time: 0:23:2.25\,,
Skipping WM... Site: LIBR, ID: NDAR_INV7203PRBW, elapsed_time: 0:23:18.17\,Unicode,
Site: LIBR, ID: NDAR_INV8M6XN83T, elapsed_time: 0:23:25.10\,,
Site: LIBR, ID: NDAR_INV8T46ZGD1, elapsed_time: 0:23:31.83\,,
Site: LIBR, ID: NDAR_INVA5YLKP02, elapsed_time: 0:23:45.72\,,
Site: LIBR, ID: NDAR_INVARVF2D21, elapsed_time: 0:23:52.84\,,
Site: LIBR, ID: NDAR_INVBGYRJERP, elapsed_time: 0:23:59.81\,,
Site: LIBR, ID: NDAR_INVBKNLWG3Z, elapsed_time: 0:24:6.39\,,
Skipping WM... Site: LIBR, ID: NDAR_INVBUBD3WNE, elapsed_time: 0:24:22.08\,Unicode,
Site: LIBR, ID: NDAR_INVCL748RXE, elapsed_time: 0:24:29.40\,,
Site: LIBR, ID: NDAR_INVCP2K1NFW, elapsed_time: 0:24:36.69\,,
Site: LIBR, ID: NDAR_INVD5ZMXFG6, elapsed_time: 0:24:43.92\,,
Skipping WM... Site: LIBR, ID: NDAR_INVD66M522R, elapsed_time: 0:24:59.87\,Unicode,
Skipping REC... Site: LIBR, ID: NDAR_INVD9L81NY5, elapsed_time: 0:25:3.39\,pGUID naming,REC lowercase
Site: LIBR, ID: NDAR_INVDHDLJ5CV, elapsed_time: 0:25:11.04\,,
Site: LIBR, ID: NDAR_INVDULBXX1K, elapsed_time: 0:25:18.70\,,
Site: LIBR, ID: NDAR_INVDWR71C3N, elapsed_time: 0:25:26.24\,,
Site: LIBR, ID: NDAR_INVE367LYLC, elapsed_time: 0:25:33.13\,,
Skipping REC... Site: LIBR, ID: NDAR_INVE51WF5J0, elapsed_time: 0:25:36.58\,pGUID naming,REC lowercase
Skipping WM... Site: LIBR, ID: NDAR_INVEJHM574R, elapsed_time: 0:25:52.27\,Unicode,
Skipping REC... Site: LIBR, ID: NDAR_INVEK7BN7Y4, elapsed_time: 0:25:55.72\,pGUID naming,REC lowercase
Skipping REC... Site: LIBR, ID: NDAR_INVF2KR1Y5T, elapsed_time: 0:25:59.18\,pGUID naming,REC lowercase
Skipping WM... Site: LIBR, ID: NDAR_INVFTCMGAD3, elapsed_time: 0:26:15.01\,Unicode,
Site: LIBR, ID: NDAR_INVFTMK8040, elapsed_time: 0:26:22.05\,,
Skipping WM... Site: LIBR, ID: NDAR_INVG6JBZCCD, elapsed_time: 0:26:37.73\,Unicode,
Site: LIBR, ID: NDAR_INVGCZFBJ6B, elapsed_time: 0:26:44.84\,,
Skipping REC... Site: LIBR, ID: NDAR_INVGD7X7HAX, elapsed_time: 0:26:48.17\,No WM or REC,
Skipping WM... Site: LIBR, ID: NDAR_INVGGJJVCTG, elapsed_time: 0:27:3.85\,Unicode,
Site: LIBR, ID: NDAR_INVGK2BKPLT, elapsed_time: 0:27:11.53\,,
Site: LIBR, ID: NDAR_INVGZJDGF8L, elapsed_time: 0:27:18.16\,,
Skipping WM... Site: LIBR, ID: NDAR_INVH68V9XMJ_backup, elapsed_time: 0:27:18.17\,Wrong Participant,37E785RU
Skipping WM... Site: LIBR, ID: NDAR_INVH9G32LJW, elapsed_time: 0:27:33.61\,Unicode,
Site: LIBR, ID: NDAR_INVH9UAFJZ8, elapsed_time: 0:27:40.61\,,
Skipping WM... Site: LIBR, ID: NDAR_INVHBD1ZUWB, elapsed_time: 0:27:55.81\,Unicode,
Site: LIBR, ID: NDAR_INVHHJXG6Y1, elapsed_time: 0:28:2.43\,,
Skipping WM... Site: LIBR, ID: NDAR_INVHRNX3BK4, elapsed_time: 0:28:2.44\,pGUID naming,"""-"" instead of ""_"""
Site: LIBR, ID: NDAR_INVJ1Y3Z20G, elapsed_time: 0:28:9.38\,,
Skipping WM... Site: LIBR, ID: NDAR_INVJB1MMLGD, elapsed_time: 0:28:9.39\,No WM or REC,
Site: LIBR, ID: NDAR_INVJNDY0DWK, elapsed_time: 0:28:16.14\,,
Site: LIBR, ID: NDAR_INVK1GY1F0R, elapsed_time: 0:28:22.76\,,
Site: LIBR, ID: NDAR_INVK1HM1MWX, elapsed_time: 0:28:30.09\,,
Skipping WM... Site: LIBR, ID: NDAR_INVKCW9B4TJ, elapsed_time: 0:28:46.13\,Unicode,
Skipping WM... Site: LIBR, ID: NDAR_INVKD2D4HP2, elapsed_time: 0:29:1.90\,Unicode,
Site: LIBR, ID: NDAR_INVKG5M5RTF, elapsed_time: 0:29:8.67\,,
Skipping WM... Site: LIBR, ID: NDAR_INVKJKYNK5V, elapsed_time: 0:29:24.44\,Unicode,
Skipping REC... Site: LIBR, ID: NDAR_INVKWZ5L3B4, elapsed_time: 0:29:27.74\,pGUID naming,REC lowercase
Site: LIBR, ID: NDAR_INVL1RVKM6B, elapsed_time: 0:29:40.95\,,
Site: LIBR, ID: NDAR_INVL49379MF, elapsed_time: 0:29:48.07\,,
Site: LIBR, ID: NDAR_INVL4FAHZRW, elapsed_time: 0:29:54.83\,,
Skipping REC... Site: LIBR, ID: NDAR_INVLB5D5679, elapsed_time: 0:29:58.21\,pGUID naming,REC lowercase
Skipping WM... Site: LIBR, ID: NDAR_INVLDP9RT86, elapsed_time: 0:29:58.22\,No WM or REC,
Site: LIBR, ID: NDAR_INVLRWKM99G, elapsed_time: 0:30:6.12\,,
Site: LIBR, ID: NDAR_INVLUZ9DL2U, elapsed_time: 0:30:13.34\,,
Site: LIBR, ID: NDAR_INVM9KC36N1, elapsed_time: 0:30:20.23\,,
Site: LIBR, ID: NDAR_INVMHLVP2TG, elapsed_time: 0:30:26.85\,,
Skipping WM... Site: LIBR, ID: NDAR_INVMXNTYPJU, elapsed_time: 0:30:41.90\,Unicode,
Skipping WM... Site: LIBR, ID: NDAR_INVNGL4MJW6, elapsed_time: 0:30:56.96\,Unicode,
Site: LIBR, ID: NDAR_INVNT6CA1D1, elapsed_time: 0:31:3.95\,,
Site: LIBR, ID: NDAR_INVP205AX39, elapsed_time: 0:31:10.60\,,
Skipping WM... Site: LIBR, ID: NDAR_INVP6NAG8DY, elapsed_time: 0:31:25.66\,Unicode,
Skipping WM... Site: LIBR, ID: NDAR_INVP9NTMNTN, elapsed_time: 0:31:40.73\,Unicode,
Site: LIBR, ID: NDAR_INVPAT718Y8, elapsed_time: 0:31:47.61\,,
Site: LIBR, ID: NDAR_INVPE6W1Y3P, elapsed_time: 0:31:55.00\,,
Site: LIBR, ID: NDAR_INVPGC1BPEW, elapsed_time: 0:32:1.77\,,
Site: LIBR, ID: NDAR_INVRAC0NR51, elapsed_time: 0:32:8.62\,,
Skipping WM... Site: LIBR, ID: NDAR_INVRBTUEV72, elapsed_time: 0:32:23.54\,Unicode,
Site: LIBR, ID: NDAR_INVTFV0Y41D, elapsed_time: 0:32:38.37\,,
Skipping WM... Site: LIBR, ID: NDAR_INVTM382X5A, elapsed_time: 0:32:53.36\,Unicode,
Site: LIBR, ID: NDAR_INVU8D4R4YF, elapsed_time: 0:33:0.01\,,
Skipping WM... Site: LIBR, ID: NDAR_INVUY8GTG7G, elapsed_time: 0:33:15.10\,Unicode,
Site: LIBR, ID: NDAR_INVV2Y2RFVK, elapsed_time: 0:33:22.29\,,
Skipping WM... Site: LIBR, ID: NDAR_INVVAMKAM75, elapsed_time: 0:33:37.25\,Unicode,
Site: LIBR, ID: NDAR_INVVE9T23NT, elapsed_time: 0:33:43.76\,,
Site: LIBR, ID: NDAR_INVWH7B6J1P, elapsed_time: 0:33:50.72\,,
Site: LIBR, ID: NDAR_INVXNEVU6X0, elapsed_time: 0:33:57.10\,,
Site: LIBR, ID: NDAR_INVXRP6TZGT, elapsed_time: 0:34:4.49\,,
Skipping WM... Site: LIBR, ID: NDAR_INVXVT1UD9C, elapsed_time: 0:34:19.53\,Unicode,
Site: LIBR, ID: NDAR_INVXWZ04XEN, elapsed_time: 0:34:26.05\,,
Site: LIBR, ID: NDAR_INVY6Y6PY7G, elapsed_time: 0:34:32.57\,,
Skipping WM... Site: LIBR, ID: NDAR_INVYBXMBLAD, elapsed_time: 0:34:40.16\,Unicode,No REC
Site: LIBR, ID: NDAR_INVYC3MCRAY, elapsed_time: 0:34:46.64\,,
Site: LIBR, ID: NDAR_INVYY60EGDK, elapsed_time: 0:34:53.72\,,
Site: LIBR, ID: NDAR_INVZG4U8G7X, elapsed_time: 0:35:0.20\,,
Site: LIBR, ID: NDAR_INVZJV3HZEF, elapsed_time: 0:35:6.76\,,
Site: MSSM, ID: NDAR_INVNJRD77KJ, elapsed_time: 0:35:13.95\,,
Skipping WM... Site: MSSM, ID: NDAR_INVV67GY8GB, elapsed_time: 0:35:13.96\,No WM or REC,
Skipping WM... Site: MSSM, ID: NDAR_INVWFTA7NUU, elapsed_time: 0:35:21.49\,Unicode,No REC
Skipping WM... Site: OAHU, ID: NDAR_INVTEST03F5, elapsed_time: 0:35:34.36\,,
Skipping WM... Site: OAHU, ID: NDAR_INVTEST5DDD, elapsed_time: 0:35:47.27\,,
Skipping WM... Site: OAHU, ID: NDAR_INVTEST5F11, elapsed_time: 0:36:0.15\,,
Skipping WM... Site: OAHU, ID: NDAR_INVTEST6B11, elapsed_time: 0:36:13.16\,,
Site: OHSU, ID: NDAR_INV08AT7TLH, elapsed_time: 0:36:19.29\,,
Site: OHSU, ID: NDAR_INV1BTYWJDX, elapsed_time: 0:36:31.21\,,
Site: OHSU, ID: NDAR_INV3CVWRF42, elapsed_time: 0:36:37.69\,,
Skipping WM... Site: OHSU, ID: NDAR_INV5KTH90ED, elapsed_time: 0:36:37.71\,pGUID naming,
Site: OHSU, ID: NDAR_INV5N40CFL4, elapsed_time: 0:36:44.07\,,
Site: OHSU, ID: NDAR_INV6BAW7VRX, elapsed_time: 0:36:50.44\,,
Site: OHSU, ID: NDAR_INVBVK1GET3, elapsed_time: 0:37:2.63\,,
Site: OHSU, ID: NDAR_INVBZT4D3W2, elapsed_time: 0:37:8.87\,,
Skipping WM... Site: OHSU, ID: NDAR_INVDZVTE3N0, elapsed_time: 0:37:16.21\,,
Site: OHSU, ID: NDAR_INVDZVTE3N0, elapsed_time: 0:37:16.22\,,
Site: OHSU, ID: NDAR_INVFMBDTV7Z, elapsed_time: 0:37:22.82\,,
Site: OHSU, ID: NDAR_INVFMJCXXYX, elapsed_time: 0:37:28.99\,,
Site: OHSU, ID: NDAR_INVG19M2F39, elapsed_time: 0:37:35.13\,,
Skipping WM... Site: OHSU, ID: NDAR_INVGE15ZEP5, elapsed_time: 0:37:35.13\,No WM or REC,No WM
Site: OHSU, ID: NDAR_INVGM5D6MEW, elapsed_time: 0:37:41.42\,,
Skipping REC... Site: OHSU, ID: NDAR_INVGX2KR8D2, elapsed_time: 0:37:44.25\,No WM or REC,No WM
Skipping WM... Site: OHSU, ID: NDAR_INVHFP40U49, elapsed_time: 0:37:51.59\,,
Site: OHSU, ID: NDAR_INVHFP40U49, elapsed_time: 0:37:51.60\,,
Site: OHSU, ID: NDAR_INVJRFFW8YT, elapsed_time: 0:37:58.52\,,
Site: OHSU, ID: NDAR_INVLC0TC7LX, elapsed_time: 0:38:11.27\,,
Site: OHSU, ID: NDAR_INVMTJ6URWD, elapsed_time: 0:38:17.13\,,
Site: OHSU, ID: NDAR_INVMVPDD8ZG, elapsed_time: 0:38:23.28\,,
Site: OHSU, ID: NDAR_INVN1Y93M5A, elapsed_time: 0:38:30.15\,,
Site: OHSU, ID: NDAR_INVPU3WY23M, elapsed_time: 0:38:36.52\,,
Site: OHSU, ID: NDAR_INVR17JHZRJ, elapsed_time: 0:38:42.36\,,
Skipping WM... Site: OHSU, ID: NDAR_INVTESTA0A6, elapsed_time: 0:38:42.37\,,
Site: OHSU, ID: NDAR_INVVZGWFC56, elapsed_time: 0:38:54.72\,,
Site: OHSU, ID: NDAR_INVWM3FXZ4K, elapsed_time: 0:39:0.89\,,
Site: OHSU, ID: NDAR_INVXFVDB3VJ, elapsed_time: 0:39:7.12\,,
Skipping WM... Site: SRI, ID: NDAR_INV0F78WV5U, elapsed_time: 0:39:13.23\,Aborted Task early,
Site: SRI, ID: NDAR_INV0MPBK7TU, elapsed_time: 0:39:21.31\,,
Skipping WM... Site: SRI, ID: NDAR_INV0XVGNCYR, elapsed_time: 0:39:22.95\,Aborted Task early,
Site: SRI, ID: NDAR_INV18YX7994, elapsed_time: 0:39:30.53\,,
Skipping WM... Site: SRI, ID: NDAR_INV448K17Y3, elapsed_time: 0:39:30.54\,,
Skipping REC... Site: SRI, ID: NDAR_INV4AY58X03, elapsed_time: 0:39:33.81\,,
Site: SRI, ID: NDAR_INV54AFKCAX, elapsed_time: 0:39:40.87\,,
Skipping REC... Site: SRI, ID: NDAR_INV58VGXCL7, elapsed_time: 0:39:44.40\,,
Skipping REC... Site: SRI, ID: NDAR_INV5ZX89Y3X, elapsed_time: 0:39:47.22\,,
Skipping WM... Site: SRI, ID: NDAR_INV84V3NTN5, elapsed_time: 0:39:48.63\,,
Skipping WM... Site: SRI, ID: NDAR_INVBG2Z79LC, elapsed_time: 0:39:48.64\,,
Skipping REC... Site: SRI, ID: NDAR_INVFHK5JU5E, elapsed_time: 0:39:51.45\,,
Skipping REC... Site: SRI, ID: NDAR_INVG2JBNHEP, elapsed_time: 0:39:54.27\,,
Skipping WM... Site: SRI, ID: NDAR_INVGP0KJLU3, elapsed_time: 0:39:54.27\,,
Skipping REC... Site: SRI, ID: NDAR_INVHZL15962, elapsed_time: 0:39:57.95\,,
Skipping REC... Site: SRI, ID: NDAR_INVMTDA24C7, elapsed_time: 0:40:1.22\,,
Skipping REC... Site: SRI, ID: NDAR_INVN5VGRRXB, elapsed_time: 0:40:4.47\,,
Site: SRI, ID: NDAR_INVPZHLGHDN, elapsed_time: 0:40:11.57\,,
Skipping WM... Site: SRI, ID: NDAR_INVUM9EFLC3, elapsed_time: 0:40:19.82\,,
Skipping REC... Site: SRI, ID: NDAR_INVV7PYJ52J, elapsed_time: 0:40:22.71\,,
Skipping WM... Site: SRI, ID: NDAR_INVVGMX0BPT, elapsed_time: 0:40:24.37\,,
Skipping WM... Site: SRI, ID: NDAR_INVWC7XWTUD, elapsed_time: 0:40:24.38\,,
Skipping REC... Site: SRI, ID: NDAR_INVWU30WE1X, elapsed_time: 0:40:27.69\,,
Skipping REC... Site: SRI, ID: NDAR_INVX60NUEJD, elapsed_time: 0:40:30.58\,,
Site: SRI, ID: NDAR_INVXKT9RMB4, elapsed_time: 0:40:37.70\,,
Skipping REC... Site: SRI, ID: NDAR_INVXLXW80KD, elapsed_time: 0:40:41.35\,,
Skipping WM... Site: SRI, ID: NDAR_INVYTH97JCP, elapsed_time: 0:40:41.35\,,
Skipping WM... Site: SRI, ID: NDAR_INVZZ1MNPK5, elapsed_time: 0:40:42.99\,,
Site: UCLA, ID: NDAR_INV45BG08PF, elapsed_time: 0:40:48.84\,,
Site: UCLA, ID: NDAR_INV8U3ZUTV6, elapsed_time: 0:41:1.93\,,
Site: UCLA, ID: NDAR_INVDXG3YU5W, elapsed_time: 0:41:20.74\,,
Skipping WM... Site: UCLA, ID: NDAR_INVEYAX14LC, elapsed_time: 0:41:20.75\,,
Site: UCLA, ID: NDAR_INVGY65ZZBV, elapsed_time: 0:41:26.96\,,
Skipping WM... Site: UCLA, ID: NDAR_INVHLA7E6W8, elapsed_time: 0:41:36.23\,,
Site: UCLA, ID: NDAR_INVK0BCW5KA, elapsed_time: 0:41:42.16\,,
Site: UCLA, ID: NDAR_INVK8CYP94F, elapsed_time: 0:41:47.97\,,
Site: UCLA, ID: NDAR_INVK8KZDZ2N, elapsed_time: 0:41:54.09\,,
Skipping WM... Site: UCLA, ID: NDAR_INVV874VP8D, elapsed_time: 0:42:0.13\,,
Site: UCLA, ID: NDAR_INVWF7C1DEL, elapsed_time: 0:42:6.35\,,
Site: UCLA, ID: NDAR_INVY5AB6YNB, elapsed_time: 0:42:13.03\,,
Site: UCLA, ID: NDAR_INVZ9T3MCZC, elapsed_time: 0:42:18.89\,,
Site: UCLA, ID: NDAR_INVZYL1TF3C, elapsed_time: 0:42:24.70\,,
Skipping WM... Site: UCSD, ID: NDAR_INV07CMT243, elapsed_time: 0:42:24.72\,,
Site: UCSD, ID: NDAR_INV0GND16RW, elapsed_time: 0:42:31.23\,,
Site: UCSD, ID: NDAR_INV1VCFJ6CR, elapsed_time: 0:42:38.04\,,
Site: UCSD, ID: NDAR_INV1VRGHTD2, elapsed_time: 0:42:45.35\,,
Site: UCSD, ID: NDAR_INV2CK4MB02, elapsed_time: 0:42:52.05\,,
Site: UCSD, ID: NDAR_INV31JTFZ92, elapsed_time: 0:42:59.04\,,
Skipping REC... Site: UCSD, ID: NDAR_INV3HZG2Y7P, elapsed_time: 0:43:8.35\,,
Site: UCSD, ID: NDAR_INV3JUUH0FL, elapsed_time: 0:43:15.04\,,
Skipping REC... Site: UCSD, ID: NDAR_INV3PNCV5A7, elapsed_time: 0:43:18.35\,,
Skipping WM... Site: UCSD, ID: NDAR_INV3YBDL5L3, elapsed_time: 0:43:19.04\,,
Site: UCSD, ID: NDAR_INV5NPRNJAU, elapsed_time: 0:43:32.37\,,
Site: UCSD, ID: NDAR_INV6JHNJJUB, elapsed_time: 0:43:39.40\,,
Site: UCSD, ID: NDAR_INV6X19N1LP, elapsed_time: 0:43:46.68\,,
Site: UCSD, ID: NDAR_INV761E1JVD, elapsed_time: 0:43:53.37\,,
Skipping WM... Site: UCSD, ID: NDAR_INV7BKAZZAM, elapsed_time: 0:44:10.44\,,
Site: UCSD, ID: NDAR_INV7CN47GEF, elapsed_time: 0:44:17.59\,,
Skipping WM... Site: UCSD, ID: NDAR_INV82L824HF, elapsed_time: 0:44:37.38\,,
Skipping WM... Site: UCSD, ID: NDAR_INV840V0YZ8, elapsed_time: 0:44:37.38\,,
Skipping WM... Site: UCSD, ID: NDAR_INV8H3BZN6Y, elapsed_time: 0:44:37.39\,,
Skipping WM... Site: UCSD, ID: NDAR_INV8PHEF3UH, elapsed_time: 0:44:37.39\,,
Site: UCSD, ID: NDAR_INV8ZJDFVDW, elapsed_time: 0:44:43.87\,,
Site: UCSD, ID: NDAR_INV8ZT3RL78, elapsed_time: 0:44:50.70\,,
Site: UCSD, ID: NDAR_INV99YDLEBZ, elapsed_time: 0:44:57.92\,,
Skipping REC... Site: UCSD, ID: NDAR_INV9EXP03YM, elapsed_time: 0:45:1.16\,,
Site: UCSD, ID: NDAR_INV9LL2UB0W, elapsed_time: 0:45:7.75\,,
Skipping REC... Site: UCSD, ID: NDAR_INV9YG9PWZ2, elapsed_time: 0:45:11.01\,,
Site: UCSD, ID: NDAR_INVAP80JDC6, elapsed_time: 0:45:17.54\,,
Skipping WM... Site: UCSD, ID: NDAR_INVB1VMAP3Z, elapsed_time: 0:45:25.08\,,
Site: UCSD, ID: NDAR_INVBFXU68F9, elapsed_time: 0:45:31.50\,,
Skipping REC... Site: UCSD, ID: NDAR_INVBL9481WL, elapsed_time: 0:45:34.78\,,
Skipping REC... Site: UCSD, ID: NDAR_INVBT1JM1WA, elapsed_time: 0:45:38.08\,,
Site: UCSD, ID: NDAR_INVBZ0JV1FF, elapsed_time: 0:45:44.69\,,
Site: UCSD, ID: NDAR_INVC39CENF6, elapsed_time: 0:45:51.64\,,
Site: UCSD, ID: NDAR_INVCGWV06JE, elapsed_time: 0:45:58.00\,,
Site: UCSD, ID: NDAR_INVCU04NHFZ, elapsed_time: 0:46:5.09\,,
Skipping WM... Site: UCSD, ID: NDAR_INVE1TKY79C, elapsed_time: 0:46:5.10\,,
Site: UCSD, ID: NDAR_INVE1XFB4MU, elapsed_time: 0:46:11.94\,,
Skipping REC... Site: UCSD, ID: NDAR_INVEGFEVU9N, elapsed_time: 0:46:15.24\,,
Site: UCSD, ID: NDAR_INVG1TXFJX2, elapsed_time: 0:46:21.91\,,
Skipping WM... Site: UCSD, ID: NDAR_INVG88720Z7, elapsed_time: 0:46:40.80\,,
Site: UCSD, ID: NDAR_INVGEBYNHG3, elapsed_time: 0:46:47.63\,,
Site: UCSD, ID: NDAR_INVGJ27R29V, elapsed_time: 0:46:54.54\,,
Site: UCSD, ID: NDAR_INVGRREN8LB, elapsed_time: 0:47:1.14\,,
Skipping REC... Site: UCSD, ID: NDAR_INVH68T1XNB, elapsed_time: 0:47:7.29\,,
Skipping WM... Site: UCSD, ID: NDAR_INVH9F934NE, elapsed_time: 0:47:26.27\,,
Site: UCSD, ID: NDAR_INVHKU16664, elapsed_time: 0:47:33.11\,,
Skipping WM... Site: UCSD, ID: NDAR_INVHRUJUH1Y, elapsed_time: 0:47:33.11\,,
Skipping REC... Site: UCSD, ID: NDAR_INVHTAJ1KYF, elapsed_time: 0:47:36.47\,,
Site: UCSD, ID: NDAR_INVHW0PPV8W, elapsed_time: 0:47:43.04\,,
Site: UCSD, ID: NDAR_INVHWMBN7Y4, elapsed_time: 0:47:49.59\,,
Site: UCSD, ID: NDAR_INVJGLXMGJ2, elapsed_time: 0:47:56.12\,,
Skipping WM... Site: UCSD, ID: NDAR_INVJP6F56RT, elapsed_time: 0:48:3.67\,,
Site: UCSD, ID: NDAR_INVK0RLYCC7, elapsed_time: 0:48:10.47\,,
Skipping WM... Site: UCSD, ID: NDAR_INVKFWP4PX0, elapsed_time: 0:48:10.47\,,
Site: UCSD, ID: NDAR_INVKJ30FGZ0, elapsed_time: 0:48:17.35\,,
Site: UCSD, ID: NDAR_INVKYZFAAKY, elapsed_time: 0:48:24.04\,,
Site: UCSD, ID: NDAR_INVKZDAJBD7, elapsed_time: 0:48:30.74\,,
Site: UCSD, ID: NDAR_INVL22VUU0E, elapsed_time: 0:48:37.93\,,
Site: UCSD, ID: NDAR_INVL36MC5HJ, elapsed_time: 0:48:44.83\,,
Skipping WM... Site: UCSD, ID: NDAR_INVL7KKBD44, elapsed_time: 0:48:44.84\,,
Site: UCSD, ID: NDAR_INVLABCHP1W, elapsed_time: 0:48:51.13\,,
Skipping REC... Site: UCSD, ID: NDAR_INVLF41F4P6, elapsed_time: 0:48:54.41\,,
Site: UCSD, ID: NDAR_INVLJZ1B688, elapsed_time: 0:49:1.55\,,
Skipping REC... Site: UCSD, ID: NDAR_INVLM20BZVZ, elapsed_time: 0:49:4.86\,,
Skipping WM... Site: UCSD, ID: NDAR_INVMGYDVKBT, elapsed_time: 0:49:4.86\,,
Site: UCSD, ID: NDAR_INVMJB4F3FB, elapsed_time: 0:49:11.77\,,
Site: UCSD, ID: NDAR_INVMX57RL1Z, elapsed_time: 0:49:18.66\,,
Site: UCSD, ID: NDAR_INVNA7M4ME8, elapsed_time: 0:49:25.32\,,
Site: UCSD, ID: NDAR_INVNRVAZLB0, elapsed_time: 0:49:32.06\,,
Skipping WM... Site: UCSD, ID: NDAR_INVP4AK4PTK, elapsed_time: 0:49:49.33\,,
Site: UCSD, ID: NDAR_INVPNJ3GVUY, elapsed_time: 0:49:55.76\,,
Site: UCSD, ID: NDAR_INVR1JFZ70M, elapsed_time: 0:50:2.62\,,
Skipping WM... Site: UCSD, ID: NDAR_INVRAZNX234, elapsed_time: 0:50:2.63\,,
Site: UCSD, ID: NDAR_INVRKF98ZFJ, elapsed_time: 0:50:9.61\,,
Site: UCSD, ID: NDAR_INVRT4HRE6Z, elapsed_time: 0:50:16.65\,,
Site: UCSD, ID: NDAR_INVT9LPE86G, elapsed_time: 0:50:23.96\,,
Site: UCSD, ID: NDAR_INVU390V94C, elapsed_time: 0:50:30.75\,,
Site: UCSD, ID: NDAR_INVU7WWPJ0M, elapsed_time: 0:50:37.32\,,
Site: UCSD, ID: NDAR_INVUZAZXB08, elapsed_time: 0:50:44.39\,,
Site: UCSD, ID: NDAR_INVV8VK6RGX, elapsed_time: 0:50:51.05\,,
Site: UCSD, ID: NDAR_INVXE1AD04X, elapsed_time: 0:50:58.35\,,
Site: UCSD, ID: NDAR_INVY2BPM655, elapsed_time: 0:51:5.12\,,
Site: UCSD, ID: NDAR_INVYNANG2B0, elapsed_time: 0:51:11.86\,,
Site: UCSD, ID: NDAR_INVZNW7Y6R1, elapsed_time: 0:51:19.06\,,
Skipping REC... Site: UCSD, ID: NDAR_INVZWRJXNHE, elapsed_time: 0:51:22.35\,,
Site: UFL, ID: NDAR_INVD92APFZ2, elapsed_time: 0:51:29.10\,,
Site: UFL, ID: NDAR_INVNXL6MCVD, elapsed_time: 0:51:35.89\,,
Site: UFL, ID: NDAR_INVTBTP199L, elapsed_time: 0:51:42.11\,,
Site: UFL, ID: NDAR_INVTEST7188, elapsed_time: 0:51:48.74\,,
Site: UFL, ID: NDAR_INVTEST7E6F, elapsed_time: 0:51:54.88\,,
Skipping WM... Site: UFL, ID: NDAR_INVTESTFB8E, elapsed_time: 0:51:54.89\,,
Site: UMICH, ID: NDAR_INV138RG20T, elapsed_time: 0:52:1.42\,,
Site: UMICH, ID: NDAR_INV1D8KBZHP, elapsed_time: 0:52:8.15\,,
Site: UMICH, ID: NDAR_INV1PYEEE1R, elapsed_time: 0:52:15.05\,,
Site: UMICH, ID: NDAR_INV1PYEEE1R_backup, elapsed_time: 0:52:21.44\,,
Site: UMICH, ID: NDAR_INV2C7F1286, elapsed_time: 0:52:28.54\,,
Site: UMICH, ID: NDAR_INV2CL5C6NJ, elapsed_time: 0:52:34.94\,,
Site: UMICH, ID: NDAR_INV2KA8EUUR, elapsed_time: 0:52:41.53\,,
Skipping WM... Site: UMICH, ID: NDAR_INV2X8P07FC, elapsed_time: 0:52:41.54\,,
Site: UMICH, ID: NDAR_INV395VW31D, elapsed_time: 0:52:49.36\,,
Site: UMICH, ID: NDAR_INV4206Z9NR, elapsed_time: 0:52:56.29\,,
Skipping WM... Site: UMICH, ID: NDAR_INV4LUBR4AE, elapsed_time: 0:52:56.30\,,
Site: UMICH, ID: NDAR_INV533LN4K1, elapsed_time: 0:53:10.63\,,
Skipping REC... Site: UMICH, ID: NDAR_INV5UHHRZBV, elapsed_time: 0:53:20.38\,,
Site: UMICH, ID: NDAR_INV5Y3DK6GX, elapsed_time: 0:53:26.95\,,
Site: UMICH, ID: NDAR_INV64GAJKPV, elapsed_time: 0:53:33.77\,,
Site: UMICH, ID: NDAR_INV79LXV51U, elapsed_time: 0:53:40.80\,,
Site: UMICH, ID: NDAR_INV7GDD5D2D, elapsed_time: 0:53:47.65\,,
Site: UMICH, ID: NDAR_INV7LB64CGV, elapsed_time: 0:53:54.34\,,
Site: UMICH, ID: NDAR_INV7VBC21L8_backup, elapsed_time: 0:54:1.78\,,
Site: UMICH, ID: NDAR_INV86X5Z1TX, elapsed_time: 0:54:8.49\,,
Site: UMICH, ID: NDAR_INV8CNPVNRX, elapsed_time: 0:54:15.22\,,
Site: UMICH, ID: NDAR_INV8FTWL36D, elapsed_time: 0:54:21.72\,,
Skipping WM... Site: UMICH, ID: NDAR_INV8R988ZMR, elapsed_time: 0:54:21.73\,,
Site: UMICH, ID: NDAR_INV9AEE483X, elapsed_time: 0:54:28.03\,,
Site: UMICH, ID: NDAR_INV9E57ARM0, elapsed_time: 0:54:35.43\,,
Site: UMICH, ID: NDAR_INV9N9B1Z7A, elapsed_time: 0:54:42.34\,,
Site: UMICH, ID: NDAR_INV9WTM03DF, elapsed_time: 0:54:49.12\,,
Skipping REC... Site: UMICH, ID: NDAR_INV9ZYJZEVH, elapsed_time: 0:54:52.37\,,
Site: UMICH, ID: NDAR_INVABT64EYE, elapsed_time: 0:54:59.68\,,
Site: UMICH, ID: NDAR_INVAWAEU3P4, elapsed_time: 0:55:6.46\,,
Site: UMICH, ID: NDAR_INVBJ8CZ3CJ, elapsed_time: 0:55:12.92\,,
Site: UMICH, ID: NDAR_INVBLHP1W5L, elapsed_time: 0:55:19.78\,,
Skipping WM... Site: UMICH, ID: NDAR_INVBTLEZJL0, elapsed_time: 0:55:19.79\,,
Site: UMICH, ID: NDAR_INVC96XA4XL, elapsed_time: 0:55:26.35\,,
Skipping REC... Site: UMICH, ID: NDAR_INVCENTPAJU, elapsed_time: 0:55:29.61\,,
Site: UMICH, ID: NDAR_INVCR43W7MR, elapsed_time: 0:55:36.67\,,
Site: UMICH, ID: NDAR_INVCXW3Y64K, elapsed_time: 0:55:43.14\,,
Skipping WM... Site: UMICH, ID: NDAR_INVDE8G5XB3, elapsed_time: 0:55:43.15\,,
Site: UMICH, ID: NDAR_INVDGABKCP2, elapsed_time: 0:55:51.03\,,
Site: UMICH, ID: NDAR_INVDH2GTB06, elapsed_time: 0:55:58.24\,,
Site: UMICH, ID: NDAR_INVE4YNZCW7, elapsed_time: 0:56:4.97\,,
Site: UMICH, ID: NDAR_INVEYLZ9J7D, elapsed_time: 0:56:11.76\,,
Site: UMICH, ID: NDAR_INVF19VWPA1, elapsed_time: 0:56:18.31\,,
Site: UMICH, ID: NDAR_INVFC3UW2LX, elapsed_time: 0:56:25.20\,,
Site: UMICH, ID: NDAR_INVFVBUVXGF, elapsed_time: 0:56:31.89\,,
Site: UMICH, ID: NDAR_INVG270KBWC, elapsed_time: 0:56:38.28\,,
Site: UMICH, ID: NDAR_INVGNJ6E24L, elapsed_time: 0:56:44.70\,,
Site: UMICH, ID: NDAR_INVGYZTN2XZ, elapsed_time: 0:56:51.59\,,
Site: UMICH, ID: NDAR_INVH218767E, elapsed_time: 0:56:58.41\,,
Site: UMICH, ID: NDAR_INVH93DJ60C, elapsed_time: 0:57:5.20\,,
Site: UMICH, ID: NDAR_INVHC96P1XH, elapsed_time: 0:57:12.47\,,
Site: UMICH, ID: NDAR_INVHD40HGZ7, elapsed_time: 0:57:19.64\,,
Skipping WM... Site: UMICH, ID: NDAR_INVJHCBZTEX, elapsed_time: 0:57:19.64\,,
Skipping WM... Site: UMICH, ID: NDAR_INVK2503EYB, elapsed_time: 0:57:21.28\,,
Site: UMICH, ID: NDAR_INVK6JLBKLR, elapsed_time: 0:57:28.36\,,
Skipping WM... Site: UMICH, ID: NDAR_INVKP8W0VHU, elapsed_time: 0:57:31.05\,,
Site: UMICH, ID: NDAR_INVL5EAF5N9, elapsed_time: 0:57:38.15\,,
Site: UMICH, ID: NDAR_INVLF8VTDV5_backup, elapsed_time: 0:57:44.65\,,
Skipping WM... Site: UMICH, ID: NDAR_INVLKWJTNDZ, elapsed_time: 0:57:44.66\,,
Site: UMICH, ID: NDAR_INVM00MPW0G, elapsed_time: 0:57:51.09\,,
Site: UMICH, ID: NDAR_INVM4ZC6HW9, elapsed_time: 0:57:58.87\,,
Site: UMICH, ID: NDAR_INVMUJR2Y8Y, elapsed_time: 0:58:6.03\,,
Site: UMICH, ID: NDAR_INVN0BDRD6E, elapsed_time: 0:58:13.13\,,
Site: UMICH, ID: NDAR_INVNF8FVG3V, elapsed_time: 0:58:19.64\,,
Site: UMICH, ID: NDAR_INVNTBJKLYB, elapsed_time: 0:58:26.16\,,
Site: UMICH, ID: NDAR_INVPM21LPZT, elapsed_time: 0:58:33.32\,,
Skipping WM... Site: UMICH, ID: NDAR_INVPM59P2MU, elapsed_time: 0:58:34.94\,,
Site: UMICH, ID: NDAR_INVPZ879XG6, elapsed_time: 0:58:42.10\,,
Site: UMICH, ID: NDAR_INVPZE8ABE3, elapsed_time: 0:58:48.71\,,
Site: UMICH, ID: NDAR_INVRTD32ZG1, elapsed_time: 0:58:55.43\,,
Skipping WM... Site: UMICH, ID: NDAR_INVT21R0YG4, elapsed_time: 0:58:55.43\,,
Site: UMICH, ID: NDAR_INVTFED6EEK, elapsed_time: 0:59:2.37\,,
Site: UMICH, ID: NDAR_INVTNV6ZUPK, elapsed_time: 0:59:8.97\,,
Skipping REC... Site: UMICH, ID: NDAR_INVTUUTV3B2, elapsed_time: 0:59:11.81\,,
Site: UMICH, ID: NDAR_INVTYX16864, elapsed_time: 0:59:19.10\,,
Site: UMICH, ID: NDAR_INVUKPZU1JW, elapsed_time: 0:59:25.93\,,
Site: UMICH, ID: NDAR_INVULT8KHWH, elapsed_time: 0:59:33.33\,,
Site: UMICH, ID: NDAR_INVUWH8GXXW, elapsed_time: 0:59:40.08\,,
Site: UMICH, ID: NDAR_INVVB04BHVZ, elapsed_time: 0:59:46.63\,,
Site: UMICH, ID: NDAR_INVW36EDDBL, elapsed_time: 1:00:0.46\,,
Site: UMICH, ID: NDAR_INVWELLZDW7, elapsed_time: 1:00:7.23\,,
Site: UMICH, ID: NDAR_INVWRETMHUC, elapsed_time: 1:00:13.97\,,
Site: UMICH, ID: NDAR_INVX2915D82, elapsed_time: 1:00:20.80\,,
Site: UMICH, ID: NDAR_INVX5TLCB96, elapsed_time: 1:00:27.25\,,
Skipping WM... Site: UMICH, ID: NDAR_INVY1KBMF25, elapsed_time: 1:00:33.97\,,
Site: UMICH, ID: NDAR_INVYDFH103B, elapsed_time: 1:00:40.71\,,
Skipping WM... Site: UMICH, ID: NDAR_INVZEB043HN, elapsed_time: 1:00:40.71\,,
Site: UMICH, ID: NDAR_INVZFYGCHKB, elapsed_time: 1:00:48.05\,,
Skipping REC... Site: UMN, ID: NDAR_INV042UJKFB, elapsed_time: 1:00:50.86\,,
Site: UMN, ID: NDAR_INV0DG8XR2P_backup, elapsed_time: 1:00:57.58\,,
Site: UMN, ID: NDAR_INV0LKZCJ15, elapsed_time: 1:01:3.72\,,
Skipping WM... Site: UMN, ID: NDAR_INV1Y2L6GWB, elapsed_time: 1:01:3.73\,,
Skipping WM... Site: UMN, ID: NDAR_INV29XU24ER, elapsed_time: 1:01:11.17\,,
Site: UMN, ID: NDAR_INV4Y828ZMP, elapsed_time: 1:01:17.55\,,
Site: UMN, ID: NDAR_INV5YM7M2ME, elapsed_time: 1:01:25.06\,,
Site: UMN, ID: NDAR_INV6GLTPT5T, elapsed_time: 1:01:31.12\,,
Skipping REC... Site: UMN, ID: NDAR_INV8C5PMGAM, elapsed_time: 1:01:33.99\,,
Skipping WM... Site: UMN, ID: NDAR_INV8UH0U6C0, elapsed_time: 1:01:33.99\,,
Site: UMN, ID: NDAR_INVBMBVZTAG, elapsed_time: 1:01:46.46\,,
Site: UMN, ID: NDAR_INVBP6UMBG8, elapsed_time: 1:01:52.44\,,
Site: UMN, ID: NDAR_INVCF2VRU9R, elapsed_time: 1:01:58.60\,,
Site: UMN, ID: NDAR_INVCKDV7GC3, elapsed_time: 1:02:4.78\,,
Site: UMN, ID: NDAR_INVD45YJJRT, elapsed_time: 1:02:17.75\,,
Skipping REC... Site: UMN, ID: NDAR_INVDTHJM3Y9, elapsed_time: 1:02:20.57\,,
Skipping WM... Site: UMN, ID: NDAR_INVE4KDYWD0, elapsed_time: 1:02:23.29\,,
Site: UMN, ID: NDAR_INVE8PCBGJ0, elapsed_time: 1:02:30.03\,,
Site: UMN, ID: NDAR_INVELK0KFTA, elapsed_time: 1:02:36.21\,,
Site: UMN, ID: NDAR_INVJ64MJXHT, elapsed_time: 1:02:42.22\,,
Site: UMN, ID: NDAR_INVJ67B8F0J, elapsed_time: 1:02:48.59\,,
Site: UMN, ID: NDAR_INVJWKFKDJF, elapsed_time: 1:02:54.76\,,
Skipping WM... Site: UMN, ID: NDAR_INVK2RXFWPV, elapsed_time: 1:02:54.77\,,
Site: UMN, ID: NDAR_INVLGJH5VV9, elapsed_time: 1:03:1.13\,,
Skipping WM... Site: UMN, ID: NDAR_INVN160DMUM, elapsed_time: 1:03:1.14\,,
Site: UMN, ID: NDAR_INVPAJ2K2CD, elapsed_time: 1:03:7.31\,,
Skipping REC... Site: UMN, ID: NDAR_INVRAZRBGAL, elapsed_time: 1:03:20.29\,,
Skipping WM... Site: UMN, ID: NDAR_INVRFZCD1EJ_backup, elapsed_time: 1:03:20.31\,,
Skipping WM... Site: UMN, ID: NDAR_INVRXKGP8CG, elapsed_time: 1:03:23.00\,,
Site: UMN, ID: NDAR_INVTWCPE3NA, elapsed_time: 1:03:29.48\,,
Skipping WM... Site: UMN, ID: NDAR_INVU02NPKM8, elapsed_time: 1:03:29.49\,,
Site: UMN, ID: NDAR_INVZED6PZKP, elapsed_time: 1:03:42.14\,,
Skipping WM... Site: UPMC, ID: NDAR_INV0UV5WZUN, elapsed_time: 1:03:50.22\,,
Site: UPMC, ID: NDAR_INV0UV5WZUN, elapsed_time: 1:03:50.24\,,
Skipping WM... Site: UPMC, ID: NDAR_INV2P3B9TGH, elapsed_time: 1:03:56.60\,,
Skipping WM... Site: UPMC, ID: NDAR_INV2T60J25C, elapsed_time: 1:03:56.60\,,
Skipping WM... Site: UPMC, ID: NDAR_INV3617ZB48, elapsed_time: 1:03:56.61\,,
Skipping WM... Site: UPMC, ID: NDAR_INV4VVDH6YT, elapsed_time: 1:04:9.82\,,
Site: UPMC, ID: NDAR_INV6MH7AY14, elapsed_time: 1:04:16.81\,,
Site: UPMC, ID: NDAR_INV7RH75L3L, elapsed_time: 1:04:23.70\,,
Skipping WM... Site: UPMC, ID: NDAR_INV8AN54XEV, elapsed_time: 1:04:36.80\,,
Skipping WM... Site: UPMC, ID: NDAR_INVB8B0K9TG, elapsed_time: 1:04:45.24\,,
Site: UPMC, ID: NDAR_INVB8B0K9TG, elapsed_time: 1:04:45.25\,,
Site: UPMC, ID: NDAR_INVBVYD3AAF, elapsed_time: 1:04:51.99\,,
Site: UPMC, ID: NDAR_INVBZ9BCWWP, elapsed_time: 1:04:58.96\,,
Skipping WM... Site: UPMC, ID: NDAR_INVD52N8T9J, elapsed_time: 1:05:12.12\,,
Skipping REC... Site: UPMC, ID: NDAR_INVDGP7217P, elapsed_time: 1:05:14.97\,,
Skipping WM... Site: UPMC, ID: NDAR_INVDWP48R1X, elapsed_time: 1:05:15.19\,,
Skipping WM... Site: UPMC, ID: NDAR_INVE7CFEXUC, elapsed_time: 1:05:23.36\,,
Site: UPMC, ID: NDAR_INVE7CFEXUC, elapsed_time: 1:05:23.37\,,
Site: UPMC, ID: NDAR_INVETNF2G44, elapsed_time: 1:05:30.44\,,
Skipping WM... Site: UPMC, ID: NDAR_INVGFLA5X8W, elapsed_time: 1:05:37.64\,,
Site: UPMC, ID: NDAR_INVGFLA5X8W, elapsed_time: 1:05:37.65\,,
Site: UPMC, ID: NDAR_INVKF3MM2R1, elapsed_time: 1:05:44.24\,,
Skipping WM... Site: UPMC, ID: NDAR_INVNERE3UUN, elapsed_time: 1:05:52.47\,,
Site: UPMC, ID: NDAR_INVNERE3UUN, elapsed_time: 1:05:52.48\,,
Skipping WM... Site: UPMC, ID: NDAR_INVNNGRWVM6, elapsed_time: 1:06:1.06\,,
Site: UPMC, ID: NDAR_INVNNGRWVM6, elapsed_time: 1:06:1.07\,,
Site: UPMC, ID: NDAR_INVPE5JBKJ3, elapsed_time: 1:06:7.49\,,
Skipping WM... Site: UPMC, ID: NDAR_INVPF5T4C8D, elapsed_time: 1:06:14.68\,,
Site: UPMC, ID: NDAR_INVPF5T4C8D, elapsed_time: 1:06:14.69\,,
Site: UPMC, ID: NDAR_INVTH3T33V5, elapsed_time: 1:06:21.23\,,
Skipping WM... Site: UPMC, ID: NDAR_INVTVBUYZ8P, elapsed_time: 1:06:25.79\,,
Site: UPMC, ID: NDAR_INVUL9WW7ET, elapsed_time: 1:06:32.82\,,
Skipping WM... Site: UPMC, ID: NDAR_INVV0YMYACE, elapsed_time: 1:06:32.82\,,
Site: UPMC, ID: NDAR_INVWMPDRV7H, elapsed_time: 1:06:39.55\,,
Site: UPMC, ID: NDAR_INVXAU39X13, elapsed_time: 1:06:46.49\,,
Skipping WM... Site: UPMC, ID: NDAR_INVXNK1WK36, elapsed_time: 1:06:59.60\,,
Site: UPMC, ID: NDAR_INVXZYM6JMK, elapsed_time: 1:07:5.82\,,
Site: UTAH, ID: NDAR_INV0KPZW3NB, elapsed_time: 1:07:12.52\,,
Site: UTAH, ID: NDAR_INV0PRHUTZA, elapsed_time: 1:07:18.56\,,
Site: UTAH, ID: NDAR_INV10HWA6YU, elapsed_time: 1:07:24.89\,,
Site: UTAH, ID: NDAR_INV1535421B, elapsed_time: 1:07:31.57\,,
Site: UTAH, ID: NDAR_INV19BR9YHW, elapsed_time: 1:07:37.55\,,
Site: UTAH, ID: NDAR_INV1BE1UD48, elapsed_time: 1:07:43.72\,,
Site: UTAH, ID: NDAR_INV1YFEDW44, elapsed_time: 1:07:49.62\,,
Site: UTAH, ID: NDAR_INV20MXZPW5, elapsed_time: 1:07:55.87\,,
Site: UTAH, ID: NDAR_INV21YVF1WJ, elapsed_time: 1:08:2.14\,,
Site: UTAH, ID: NDAR_INV35KNHNNM, elapsed_time: 1:08:9.36\,,
Skipping WM... Site: UTAH, ID: NDAR_INV37ZMYZNR, elapsed_time: 1:08:9.36\,,
Site: UTAH, ID: NDAR_INV4ET3VY02, elapsed_time: 1:08:16.05\,,
Site: UTAH, ID: NDAR_INV4F8LNY2K, elapsed_time: 1:08:22.06\,,
Site: UTAH, ID: NDAR_INV507WXWN7, elapsed_time: 1:08:29.22\,,
Site: UTAH, ID: NDAR_INV52XG9LJ3, elapsed_time: 1:08:35.18\,,
Skipping WM... Site: UTAH, ID: NDAR_INV6CG6LPAT, elapsed_time: 1:08:37.86\,,
Site: UTAH, ID: NDAR_INV6UU2L6YJ, elapsed_time: 1:08:44.04\,,
Site: UTAH, ID: NDAR_INV7E8WJTYE, elapsed_time: 1:08:50.77\,,
Site: UTAH, ID: NDAR_INV7G30XLFU, elapsed_time: 1:08:57.41\,,
Site: UTAH, ID: NDAR_INV7PXH7ZBR, elapsed_time: 1:09:3.34\,,
Site: UTAH, ID: NDAR_INV7X576WFP, elapsed_time: 1:09:9.64\,,
Site: UTAH, ID: NDAR_INV7YM285FW, elapsed_time: 1:09:16.09\,,
Site: UTAH, ID: NDAR_INV7ZE3WGCX, elapsed_time: 1:09:21.96\,,
Site: UTAH, ID: NDAR_INV7ZVJYLM3, elapsed_time: 1:09:29.13\,,
Skipping WM... Site: UTAH, ID: NDAR_INV86PXMUHA, elapsed_time: 1:09:29.13\,,
Site: UTAH, ID: NDAR_INV87WRYJ7F, elapsed_time: 1:09:35.34\,,
Site: UTAH, ID: NDAR_INV8GZUK8EV, elapsed_time: 1:09:42.03\,,
Site: UTAH, ID: NDAR_INV8HCVHC17, elapsed_time: 1:09:48.48\,,
Site: UTAH, ID: NDAR_INV953WUR8C, elapsed_time: 1:09:54.51\,,
Site: UTAH, ID: NDAR_INV96KG6C49, elapsed_time: 1:10:0.65\,,
Site: UTAH, ID: NDAR_INV99BP99WU, elapsed_time: 1:10:6.62\,,
Site: UTAH, ID: NDAR_INVA01DRNBZ, elapsed_time: 1:10:13.21\,,
Site: UTAH, ID: NDAR_INVA3A3F421, elapsed_time: 1:10:19.85\,,
Site: UTAH, ID: NDAR_INVABMM7ZRX, elapsed_time: 1:10:26.85\,,
Site: UTAH, ID: NDAR_INVAGP8V8LW, elapsed_time: 1:10:33.62\,,
Site: UTAH, ID: NDAR_INVAH6KK71Y, elapsed_time: 1:10:40.26\,,
Site: UTAH, ID: NDAR_INVAUR9UZH4, elapsed_time: 1:10:46.78\,,
Site: UTAH, ID: NDAR_INVAYYK15X7, elapsed_time: 1:10:53.59\,,
Site: UTAH, ID: NDAR_INVB3CU3GHK, elapsed_time: 1:10:59.77\,,
Site: UTAH, ID: NDAR_INVB5VJ3KEG, elapsed_time: 1:11:6.14\,,
Site: UTAH, ID: NDAR_INVBW3JU66Z, elapsed_time: 1:11:12.66\,,
Site: UTAH, ID: NDAR_INVBX3X4GG7, elapsed_time: 1:11:19.27\,,
Site: UTAH, ID: NDAR_INVC3A7UBT2, elapsed_time: 1:11:25.77\,,
Site: UTAH, ID: NDAR_INVC9DWTY95, elapsed_time: 1:11:38.74\,,
Site: UTAH, ID: NDAR_INVCHUKUNFD, elapsed_time: 1:11:45.64\,,
Site: UTAH, ID: NDAR_INVCM7KCH5J, elapsed_time: 1:11:51.86\,,
Site: UTAH, ID: NDAR_INVCURU4G26, elapsed_time: 1:11:58.17\,,
Site: UTAH, ID: NDAR_INVD5FWJDCY, elapsed_time: 1:12:4.34\,,
Site: UTAH, ID: NDAR_INVDN6HKHAW, elapsed_time: 1:12:10.70\,,
Site: UTAH, ID: NDAR_INVDWDV4K53, elapsed_time: 1:12:17.50\,,
Site: UTAH, ID: NDAR_INVEM9U5YCH, elapsed_time: 1:12:23.89\,,
Site: UTAH, ID: NDAR_INVEVGNLB2Y, elapsed_time: 1:12:30.28\,,
Site: UTAH, ID: NDAR_INVF5G6PA74, elapsed_time: 1:12:36.87\,,
Site: UTAH, ID: NDAR_INVF7UTX830, elapsed_time: 1:12:43.63\,,
Site: UTAH, ID: NDAR_INVF7XD8336, elapsed_time: 1:12:50.13\,,
Site: UTAH, ID: NDAR_INVFLP37NUM, elapsed_time: 1:12:56.94\,,
Site: UTAH, ID: NDAR_INVFWMHMK0A, elapsed_time: 1:13:3.23\,,
Skipping WM... Site: UTAH, ID: NDAR_INVGA33T3P5, elapsed_time: 1:13:3.23\,,
Site: UTAH, ID: NDAR_INVGD45AN4V, elapsed_time: 1:13:9.62\,,
Site: UTAH, ID: NDAR_INVGUNAAG7E, elapsed_time: 1:13:15.82\,,
Site: UTAH, ID: NDAR_INVH6MRC067, elapsed_time: 1:13:22.06\,,
Site: UTAH, ID: NDAR_INVHVLPXZ99, elapsed_time: 1:13:28.22\,,
Site: UTAH, ID: NDAR_INVJ8DBDHF8, elapsed_time: 1:13:35.48\,,
Site: UTAH, ID: NDAR_INVK2YJBHGX, elapsed_time: 1:13:42.05\,,
Site: UTAH, ID: NDAR_INVK5JP23J6, elapsed_time: 1:13:48.55\,,
Site: UTAH, ID: NDAR_INVKB6F3HGV, elapsed_time: 1:13:54.93\,,
Site: UTAH, ID: NDAR_INVKDGX17KZ, elapsed_time: 1:14:0.89\,,
Site: UTAH, ID: NDAR_INVKF1BUR6G, elapsed_time: 1:14:7.77\,,
Site: UTAH, ID: NDAR_INVKHL7D46V, elapsed_time: 1:14:13.82\,,
Site: UTAH, ID: NDAR_INVKLLP08KA, elapsed_time: 1:14:19.91\,,
Site: UTAH, ID: NDAR_INVKNRU5BYD, elapsed_time: 1:14:26.87\,,
Site: UTAH, ID: NDAR_INVLMAAJ8JJ, elapsed_time: 1:14:33.81\,,
Site: UTAH, ID: NDAR_INVLR6BN87U, elapsed_time: 1:14:40.13\,,
Site: UTAH, ID: NDAR_INVM3JM9ARN, elapsed_time: 1:14:46.71\,,
Site: UTAH, ID: NDAR_INVMDWZP1FT, elapsed_time: 1:14:52.68\,,
Site: UTAH, ID: NDAR_INVMTJLG5JL, elapsed_time: 1:14:58.73\,,
Site: UTAH, ID: NDAR_INVMUWA98AY, elapsed_time: 1:15:4.77\,,
Site: UTAH, ID: NDAR_INVMWC4BV86, elapsed_time: 1:15:10.97\,,
Site: UTAH, ID: NDAR_INVMZLYE6WZ, elapsed_time: 1:15:17.10\,,
Site: UTAH, ID: NDAR_INVN1VPLV83, elapsed_time: 1:15:23.33\,,
Site: UTAH, ID: NDAR_INVP38LCGFT, elapsed_time: 1:15:29.38\,,
Site: UTAH, ID: NDAR_INVP6U14LUE, elapsed_time: 1:15:35.28\,,
Site: UTAH, ID: NDAR_INVPF0N5FWX, elapsed_time: 1:15:42.47\,,
Site: UTAH, ID: NDAR_INVPJ39YVH9, elapsed_time: 1:15:48.29\,,
Site: UTAH, ID: NDAR_INVR5TTP09Z, elapsed_time: 1:16:0.94\,,
Site: UTAH, ID: NDAR_INVR6TLLPMG, elapsed_time: 1:16:7.27\,,
Skipping WM... Site: UTAH, ID: NDAR_INVR76W27PF, elapsed_time: 1:16:7.27\,,
Site: UTAH, ID: NDAR_INVRLP5AH5E, elapsed_time: 1:16:13.37\,,
Site: UTAH, ID: NDAR_INVRUVFBX1L, elapsed_time: 1:16:19.93\,,
Site: UTAH, ID: NDAR_INVRVDEH2YJ, elapsed_time: 1:16:25.87\,,
Skipping WM... Site: UTAH, ID: NDAR_INVRXR3PB36, elapsed_time: 1:16:25.87\,,
Site: UTAH, ID: NDAR_INVT7HVBTRE, elapsed_time: 1:16:32.41\,,
Site: UTAH, ID: NDAR_INVTAN0M8LG, elapsed_time: 1:16:38.44\,,
Site: UTAH, ID: NDAR_INVTDJD7JZ2, elapsed_time: 1:16:44.80\,,
Site: UTAH, ID: NDAR_INVTDK7YAGN, elapsed_time: 1:16:50.98\,,
Site: UTAH, ID: NDAR_INVTFJ2LGCD, elapsed_time: 1:16:58.21\,,
Site: UTAH, ID: NDAR_INVU3ZHJV5Z, elapsed_time: 1:17:4.85\,,
Skipping REC... Site: UTAH, ID: NDAR_INVU62X1GAH, elapsed_time: 1:17:7.67\,,
Site: UTAH, ID: NDAR_INVUDUKRV36, elapsed_time: 1:17:13.74\,,
Site: UTAH, ID: NDAR_INVUN2A7AA5, elapsed_time: 1:17:26.15\,,
Site: UTAH, ID: NDAR_INVUP3WUX7T, elapsed_time: 1:17:33.01\,,
Site: UTAH, ID: NDAR_INVUXTPV7WH, elapsed_time: 1:17:39.51\,,
Site: UTAH, ID: NDAR_INVV2J19CN2, elapsed_time: 1:17:45.40\,,
Site: UTAH, ID: NDAR_INVV4XY140Z, elapsed_time: 1:17:51.47\,,
Skipping WM... Site: UTAH, ID: NDAR_INVV53R103B, elapsed_time: 1:17:51.48\,,
Site: UTAH, ID: NDAR_INVV9D0WWZM, elapsed_time: 1:17:57.85\,,
Site: UTAH, ID: NDAR_INVVGNCVUXB, elapsed_time: 1:18:3.94\,,
Site: UTAH, ID: NDAR_INVVHRDAP1X, elapsed_time: 1:18:10.01\,,
Site: UTAH, ID: NDAR_INVVLHZP6FR, elapsed_time: 1:18:16.75\,,
Site: UTAH, ID: NDAR_INVVR8GJJYB, elapsed_time: 1:18:22.82\,,
Site: UTAH, ID: NDAR_INVVX605DH1, elapsed_time: 1:18:28.82\,,
Site: UTAH, ID: NDAR_INVW2L5FYC0, elapsed_time: 1:18:35.71\,,
Site: UTAH, ID: NDAR_INVWHCJ7UWF, elapsed_time: 1:18:41.72\,,
Site: UTAH, ID: NDAR_INVWMETUT1U, elapsed_time: 1:18:47.61\,,
Site: UTAH, ID: NDAR_INVWPJ3383P, elapsed_time: 1:18:54.83\,,
Site: UTAH, ID: NDAR_INVX362LD83, elapsed_time: 1:19:0.65\,,
Skipping WM... Site: UTAH, ID: NDAR_INVX7KKFJ5E, elapsed_time: 1:19:0.65\,,
Site: UTAH, ID: NDAR_INVXHKRJC1C, elapsed_time: 1:19:6.95\,,
Site: UTAH, ID: NDAR_INVXL4UCXMM, elapsed_time: 1:19:13.01\,,
Site: UTAH, ID: NDAR_INVY03DJ9M0, elapsed_time: 1:19:19.46\,,
Site: UTAH, ID: NDAR_INVY4NY9NDV, elapsed_time: 1:19:25.38\,,
Site: UTAH, ID: NDAR_INVYLNRHT83, elapsed_time: 1:19:31.90\,,
Site: UTAH, ID: NDAR_INVYM29ZAGR, elapsed_time: 1:19:38.30\,,
Site: UTAH, ID: NDAR_INVYPJK6AC5, elapsed_time: 1:19:44.85\,,
Site: UTAH, ID: NDAR_INVYTX6A82H, elapsed_time: 1:19:51.12\,,
Site: UTAH, ID: NDAR_INVYXRGTMYM, elapsed_time: 1:19:57.64\,,
Site: UTAH, ID: NDAR_INVZ48R1346, elapsed_time: 1:20:4.47\,,
Site: UTAH, ID: NDAR_INVZ5T7BWT5, elapsed_time: 1:20:11.32\,,
Site: UTAH, ID: NDAR_INVZFGU643V, elapsed_time: 1:20:18.10\,,
Site: UTAH, ID: NDAR_INVZXL36BR5, elapsed_time: 1:20:25.26\,,
Site: UVM, ID: NDAR_INV02H7G2T6, elapsed_time: 1:20:31.55\,,
Skipping WM... Site: UVM, ID: NDAR_INV08P1JKNE, elapsed_time: 1:20:31.55\,,
Site: UVM, ID: NDAR_INV0M9U5RX8, elapsed_time: 1:20:37.91\,,
Skipping WM... Site: UVM, ID: NDAR_INV1KBEC5AT, elapsed_time: 1:20:37.92\,,
Skipping WM... Site: UVM, ID: NDAR_INV24534L6F, elapsed_time: 1:20:37.92\,,
Site: UVM, ID: NDAR_INV2ZGK3ZBW, elapsed_time: 1:20:44.84\,,
Site: UVM, ID: NDAR_INV3C0FHDGM, elapsed_time: 1:20:52.29\,,
Site: UVM, ID: NDAR_INV3NA8KUJ2, elapsed_time: 1:20:58.74\,,
Skipping WM... Site: UVM, ID: NDAR_INV4M8H34KB, elapsed_time: 1:23:31.27\,,
Site: UVM, ID: NDAR_INV51VNYKL7, elapsed_time: 1:23:37.42\,,
Site: UVM, ID: NDAR_INV5WZDJT4C, elapsed_time: 1:23:44.13\,,
Site: UVM, ID: NDAR_INV64PE3J4T, elapsed_time: 1:23:50.80\,,
Site: UVM, ID: NDAR_INV6CA2HNYJ, elapsed_time: 1:23:57.13\,,
Skipping REC... Site: UVM, ID: NDAR_INV7A80G68A, elapsed_time: 1:23:59.98\,,
Site: UVM, ID: NDAR_INV7CAPEPP7, elapsed_time: 1:24:6.23\,,
Site: UVM, ID: NDAR_INV7L9EAFEX, elapsed_time: 1:24:13.15\,,
Site: UVM, ID: NDAR_INV7MNYK138, elapsed_time: 1:24:20.22\,,
Site: UVM, ID: NDAR_INV7N6YDNYD, elapsed_time: 1:24:26.67\,,
Site: UVM, ID: NDAR_INV7TB8096T, elapsed_time: 1:24:32.62\,,
Site: UVM, ID: NDAR_INV838THCGU, elapsed_time: 1:24:38.73\,,
Skipping WM... Site: UVM, ID: NDAR_INV84RPF7HW, elapsed_time: 1:24:38.74\,,
Skipping WM... Site: UVM, ID: NDAR_INV87T95RHP, elapsed_time: 1:24:38.74\,,
Site: UVM, ID: NDAR_INV89WA05NG, elapsed_time: 1:24:44.66\,,
Site: UVM, ID: NDAR_INV8L9X8K59, elapsed_time: 1:24:50.79\,,
Site: UVM, ID: NDAR_INV8X1RU5KT, elapsed_time: 1:24:57.15\,,
Site: UVM, ID: NDAR_INV9FB6NNVG, elapsed_time: 1:25:3.90\,,
Site: UVM, ID: NDAR_INV9HVP5GZ1, elapsed_time: 1:25:10.58\,,
Site: UVM, ID: NDAR_INVARECPXAP, elapsed_time: 1:25:16.94\,,
Site: UVM, ID: NDAR_INVB1CK69PR, elapsed_time: 1:25:23.36\,,
Skipping WM... Site: UVM, ID: NDAR_INVB61U9XZA, elapsed_time: 1:25:23.36\,,
Skipping WM... Site: UVM, ID: NDAR_INVCE2AYCK6, elapsed_time: 1:25:23.37\,,
Site: UVM, ID: NDAR_INVDWAKH0W5, elapsed_time: 1:25:29.30\,,
Skipping WM... Site: UVM, ID: NDAR_INVEG7V5UN3, elapsed_time: 1:25:29.31\,,
Site: UVM, ID: NDAR_INVEZR60E9U, elapsed_time: 1:25:35.53\,,
Site: UVM, ID: NDAR_INVF4HCTG43, elapsed_time: 1:25:41.93\,,
Site: UVM, ID: NDAR_INVFRZNZGWR, elapsed_time: 1:25:49.07\,,
Site: UVM, ID: NDAR_INVG2RXUFF1, elapsed_time: 1:25:55.94\,,
Skipping REC... Site: UVM, ID: NDAR_INVHFHTPJ5M, elapsed_time: 1:25:58.81\,,
Site: UVM, ID: NDAR_INVKVA6MAGM, elapsed_time: 1:26:5.17\,,
Site: UVM, ID: NDAR_INVL1FL82DL, elapsed_time: 1:26:12.08\,,
Site: UVM, ID: NDAR_INVL8VU0XRA, elapsed_time: 1:26:18.55\,,
Skipping REC... Site: UVM, ID: NDAR_INVLE26WV7H, elapsed_time: 1:26:21.38\,,
Site: UVM, ID: NDAR_INVLRKX5MHU, elapsed_time: 1:26:27.32\,,
Site: UVM, ID: NDAR_INVMC1L92VA, elapsed_time: 1:26:33.47\,,
Site: UVM, ID: NDAR_INVN08WN4MR, elapsed_time: 1:26:40.74\,,
Site: UVM, ID: NDAR_INVNEJ8RBUG, elapsed_time: 1:26:46.65\,,
Site: UVM, ID: NDAR_INVNWMZAR95, elapsed_time: 1:26:52.98\,,
Site: UVM, ID: NDAR_INVP2G0PXCM, elapsed_time: 1:26:58.99\,,
Skipping WM... Site: UVM, ID: NDAR_INVP3748X5Y, elapsed_time: 1:26:59.00\,,
Site: UVM, ID: NDAR_INVPBPLCYPE, elapsed_time: 1:27:5.31\,,
Site: UVM, ID: NDAR_INVTDLKZKEB, elapsed_time: 1:27:11.74\,,
Site: UVM, ID: NDAR_INVU3YXR5KN, elapsed_time: 1:27:18.08\,,
Skipping WM... Site: UVM, ID: NDAR_INVUFCN0984, elapsed_time: 1:27:18.09\,,
Skipping WM... Site: UVM, ID: NDAR_INVV0ZY5YPC, elapsed_time: 1:27:18.09\,,
Site: UVM, ID: NDAR_INVV1HHJNWN, elapsed_time: 1:27:24.30\,,
Skipping WM... Site: UVM, ID: NDAR_INVVGVFRTZC, elapsed_time: 1:27:24.31\,,
Site: UVM, ID: NDAR_INVVPFWLP9R, elapsed_time: 1:27:30.46\,,
Site: UVM, ID: NDAR_INVVPY3B7XG, elapsed_time: 1:27:36.92\,,
Site: UVM, ID: NDAR_INVWJUF573K, elapsed_time: 1:27:43.54\,,
Site: UVM, ID: NDAR_INVWRLG7NX5, elapsed_time: 1:27:49.48\,,
Site: UVM, ID: NDAR_INVXLF39KRG, elapsed_time: 1:27:55.44\,,
Site: UVM, ID: NDAR_INVXYGJN5H6, elapsed_time: 1:28:1.34\,,
Site: UVM, ID: NDAR_INVXYH60E7L, elapsed_time: 1:28:7.33\,,
Site: UVM, ID: NDAR_INVYTCUVJY1, elapsed_time: 1:28:13.23\,,
Site: UVM, ID: NDAR_INVZCZPNBKW, elapsed_time: 1:28:20.08\,,
Skipping WM... Site: UVM, ID: NDAR_INVZGT6YAX7, elapsed_time: 1:28:21.20\,,
Site: UVM, ID: NDAR_INVZNBBEXEJ, elapsed_time: 1:28:27.70\,,
Site: VCU, ID: NDAR_INV08EFDKZ6, elapsed_time: 1:28:34.91\,,
Site: VCU, ID: NDAR_INV1PR06YCM, elapsed_time: 1:28:41.92\,,
Site: VCU, ID: NDAR_INV3DN8DMP3, elapsed_time: 1:28:48.50\,,
Skipping WM... Site: VCU, ID: NDAR_INV3NKZ8EZX, elapsed_time: 1:29:1.92\,,
Site: VCU, ID: NDAR_INV41U1CNA9, elapsed_time: 1:29:8.00\,,
Site: VCU, ID: NDAR_INV50UATGZM, elapsed_time: 1:29:14.95\,,
Site: VCU, ID: NDAR_INV5U642ALM, elapsed_time: 1:29:21.34\,,
Site: VCU, ID: NDAR_INV6790DE8Z, elapsed_time: 1:29:28.59\,,
Site: VCU, ID: NDAR_INV79NF4B2M, elapsed_time: 1:29:34.67\,,
Skipping WM... Site: VCU, ID: NDAR_INV9BPV6EYL, elapsed_time: 1:29:47.60\,,
Skipping WM... Site: VCU, ID: NDAR_INV9GWM2HBT, elapsed_time: 1:30:0.66\,,
Site: VCU, ID: NDAR_INVAFZ44PA8, elapsed_time: 1:30:7.20\,,
Site: VCU, ID: NDAR_INVB4Z46M1B, elapsed_time: 1:30:13.41\,,
Site: VCU, ID: NDAR_INVB68067CD, elapsed_time: 1:30:19.29\,,
Site: VCU, ID: NDAR_INVBD3JGYKK, elapsed_time: 1:30:26.11\,,
Skipping WM... Site: VCU, ID: NDAR_INVBP1L83DA, elapsed_time: 1:30:39.15\,,
Site: VCU, ID: NDAR_INVCUPEY1Z0, elapsed_time: 1:30:45.39\,,
Site: VCU, ID: NDAR_INVCVUJ1RDN, elapsed_time: 1:30:51.60\,,
Site: VCU, ID: NDAR_INVE1WW821K, elapsed_time: 1:30:58.62\,,
Skipping REC... Site: VCU, ID: NDAR_INVEL7GGP0Y, elapsed_time: 1:31:1.48\,,
Site: VCU, ID: NDAR_INVEVN2CFJL, elapsed_time: 1:31:7.62\,,
Site: VCU, ID: NDAR_INVFGMD8WD1, elapsed_time: 1:31:13.98\,,
Site: VCU, ID: NDAR_INVFN5R8C4D, elapsed_time: 1:31:20.39\,,
Site: VCU, ID: NDAR_INVFPX9E85L, elapsed_time: 1:31:26.40\,,
Site: VCU, ID: NDAR_INVGFH7TNNH, elapsed_time: 1:31:33.00\,,
Site: VCU, ID: NDAR_INVH7HP2LFX, elapsed_time: 1:31:39.14\,,
Site: VCU, ID: NDAR_INVHGD8ERPM, elapsed_time: 1:31:45.83\,,
Site: VCU, ID: NDAR_INVHTTED1XW, elapsed_time: 1:31:52.31\,,
Site: VCU, ID: NDAR_INVJ3PNH5ZW, elapsed_time: 1:31:58.10\,,
Site: VCU, ID: NDAR_INVJLXMB8LP, elapsed_time: 1:32:4.40\,,
Site: VCU, ID: NDAR_INVJP0XXWG5, elapsed_time: 1:32:10.16\,,
Site: VCU, ID: NDAR_INVKCPJBCMV, elapsed_time: 1:32:16.24\,,
Skipping REC... Site: VCU, ID: NDAR_INVKVMU7J2K, elapsed_time: 1:32:19.16\,,
Site: VCU, ID: NDAR_INVLK2ZABWM, elapsed_time: 1:32:25.61\,,
Site: VCU, ID: NDAR_INVMKFGRBV4, elapsed_time: 1:32:31.61\,,
Skipping WM... Site: VCU, ID: NDAR_INVMPPV8539, elapsed_time: 1:32:44.69\,,
Site: VCU, ID: NDAR_INVP4E09BXB, elapsed_time: 1:32:50.73\,,
Site: VCU, ID: NDAR_INVP7CPVWNU, elapsed_time: 1:32:56.67\,,
Skipping WM... Site: VCU, ID: NDAR_INVPT7J8GAY, elapsed_time: 1:33:9.72\,,
Site: VCU, ID: NDAR_INVT1C2GBHB, elapsed_time: 1:33:16.07\,,
Skipping WM... Site: VCU, ID: NDAR_INVT8FJ7FK6, elapsed_time: 1:33:16.08\,,
Site: VCU, ID: NDAR_INVUXDU885U, elapsed_time: 1:33:22.85\,,
Skipping WM... Site: VCU, ID: NDAR_INVV23Y1DXH, elapsed_time: 1:33:35.84\,,
Site: VCU, ID: NDAR_INVVF47E1YM, elapsed_time: 1:33:42.15\,,
Site: VCU, ID: NDAR_INVWVFZTJX6, elapsed_time: 1:33:48.92\,,
Skipping WM... Site: VCU, ID: NDAR_INVYTRMF19U, elapsed_time: 1:34:2.05\,,
Site: VCU, ID: NDAR_INVYU7KURNA, elapsed_time: 1:34:8.56\,,
Site: VCU, ID: NDAR_INVZVW3HKWN, elapsed_time: 1:34:16.32\,,
Site: VCU, ID: NDAR_INVZZ05KY5J, elapsed_time: 1:34:23.50\,,
Skipping WM... Site: WUSTL, ID: NDAR_INV0387TP8R, elapsed_time: 1:34:33.75\,,
Site: WUSTL, ID: NDAR_INV0PLKFP06, elapsed_time: 1:34:40.75\,,
Skipping WM... Site: WUSTL, ID: NDAR_INV0WC5U4JA, elapsed_time: 1:35:2.41\,,
Skipping WM... Site: WUSTL, ID: NDAR_INV10J5M8LB, elapsed_time: 1:35:2.42\,,
Skipping WM... Site: WUSTL, ID: NDAR_INV1J2LV4NY, elapsed_time: 1:36:9.49\,,
Skipping WM... Site: WUSTL, ID: NDAR_INV24LWV4C5, elapsed_time: 1:36:19.47\,,
Skipping WM... Site: WUSTL, ID: NDAR_INV2DPX8P1Y, elapsed_time: 1:36:29.44\,,
Skipping WM... Site: WUSTL, ID: NDAR_INV32GN03AZ, elapsed_time: 1:36:41.58\,,
Skipping WM... Site: WUSTL, ID: NDAR_INV32GN03AZ_backup, elapsed_time: 1:36:48.03\,,
Skipping WM... Site: WUSTL, ID: NDAR_INV35PCA3BK, elapsed_time: 1:36:58.08\,,
Skipping WM... Site: WUSTL, ID: NDAR_INV3P7CNL7H, elapsed_time: 1:37:8.07\,,
Skipping WM... Site: WUSTL, ID: NDAR_INV481L0PYY, elapsed_time: 1:37:18.20\,,
Skipping WM... Site: WUSTL, ID: NDAR_INV4Z96NDW1, elapsed_time: 1:37:18.20\,,
Site: WUSTL, ID: NDAR_INV4ZTRVWH5, elapsed_time: 1:37:24.23\,,
Site: WUSTL, ID: NDAR_INV57TXVRYZ, elapsed_time: 1:37:30.06\,,
Skipping WM... Site: WUSTL, ID: NDAR_INV5CAU9Y0N, elapsed_time: 1:37:30.07\,,
Skipping WM... Site: WUSTL, ID: NDAR_INV5UG94F1Y, elapsed_time: 1:37:50.24\,,
Skipping WM... Site: WUSTL, ID: NDAR_INV5V6LPP6X, elapsed_time: 1:38:0.27\,,
Site: WUSTL, ID: NDAR_INV5VAD4B1H, elapsed_time: 1:38:6.00\,,
Skipping WM... Site: WUSTL, ID: NDAR_INV6MDZCZBV, elapsed_time: 1:38:15.88\,,
Skipping WM... Site: WUSTL, ID: NDAR_INV7CC21C8B, elapsed_time: 1:38:24.22\,,
Skipping WM... Site: WUSTL, ID: NDAR_INV7HLNGBZN, elapsed_time: 1:38:34.30\,,
Skipping WM... Site: WUSTL, ID: NDAR_INV8KD4PFH7, elapsed_time: 1:38:34.31\,,
Skipping WM... Site: WUSTL, ID: NDAR_INV8TFN2FX0, elapsed_time: 1:38:34.31\,,
Skipping WM... Site: WUSTL, ID: NDAR_INV8Y6RVMNM, elapsed_time: 1:38:44.68\,,
Skipping WM... Site: WUSTL, ID: NDAR_INV8Z4PTP56, elapsed_time: 1:38:54.97\,,
Site: WUSTL, ID: NDAR_INV94N4B0N9, elapsed_time: 1:39:0.85\,,
Site: WUSTL, ID: NDAR_INV98LXLFTV, elapsed_time: 1:39:6.65\,,
Site: WUSTL, ID: NDAR_INV9LZU5PJD, elapsed_time: 1:39:12.54\,,
Skipping WM... Site: WUSTL, ID: NDAR_INVA8U01EHN, elapsed_time: 1:39:22.61\,,
Skipping WM... Site: WUSTL, ID: NDAR_INVA9CA7RPB, elapsed_time: 1:39:22.61\,,
Skipping WM... Site: WUSTL, ID: NDAR_INVAF0XLNF0, elapsed_time: 1:39:32.74\,,
Skipping WM... Site: WUSTL, ID: NDAR_INVAYAW3D7X, elapsed_time: 1:39:39.48\,,
Skipping REC... Site: WUSTL, ID: NDAR_INVB1BC9HDJ, elapsed_time: 1:39:52.27\,,
Skipping WM... Site: WUSTL, ID: NDAR_INVB4M89GUP, elapsed_time: 1:40:13.10\,,
Site: WUSTL, ID: NDAR_INVB60GTH59, elapsed_time: 1:40:18.98\,,
Skipping WM... Site: WUSTL, ID: NDAR_INVBB64CLXY, elapsed_time: 1:40:18.98\,,
Skipping WM... Site: WUSTL, ID: NDAR_INVBW96UH0D, elapsed_time: 1:40:29.06\,,
Skipping WM... Site: WUSTL, ID: NDAR_INVC0W9C4R6, elapsed_time: 1:40:39.30\,,
Skipping WM... Site: WUSTL, ID: NDAR_INVCGNRE8LG, elapsed_time: 1:40:49.35\,,
Skipping WM... Site: WUSTL, ID: NDAR_INVD3GNFZJJ, elapsed_time: 1:40:59.41\,,
Skipping WM... Site: WUSTL, ID: NDAR_INVDU5EVD1W, elapsed_time: 1:41:6.08\,,
Skipping WM... Site: WUSTL, ID: NDAR_INVE5K3E4XA, elapsed_time: 1:41:6.08\,,
Skipping WM... Site: WUSTL, ID: NDAR_INVECNLRY0U, elapsed_time: 1:41:6.08\,,
Skipping WM... Site: WUSTL, ID: NDAR_INVENLU0EN4, elapsed_time: 1:41:12.62\,,
Skipping WM... Site: WUSTL, ID: NDAR_INVG8VWC1TN, elapsed_time: 1:41:23.27\,,
Skipping WM... Site: WUSTL, ID: NDAR_INVGCL0XR2C, elapsed_time: 1:41:33.53\,,
Skipping WM... Site: WUSTL, ID: NDAR_INVGFDT73J0, elapsed_time: 1:41:43.72\,,
Skipping WM... Site: WUSTL, ID: NDAR_INVGPF6X87H, elapsed_time: 1:41:43.72\,,
Skipping WM... Site: WUSTL, ID: NDAR_INVGWF3GZ8C, elapsed_time: 1:41:57.62\,,
Skipping WM... Site: WUSTL, ID: NDAR_INVHMPR1WH3, elapsed_time: 1:42:8.03\,,
Skipping WM... Site: WUSTL, ID: NDAR_INVHXZMX9JF, elapsed_time: 1:42:18.44\,,
Site: WUSTL, ID: NDAR_INVJHYBD2XK, elapsed_time: 1:42:24.46\,,
Site: WUSTL, ID: NDAR_INVJKPF57KV, elapsed_time: 1:42:30.35\,,
Site: WUSTL, ID: NDAR_INVJPH56X7G, elapsed_time: 1:42:36.30\,,
Skipping WM... Site: WUSTL, ID: NDAR_INVKWBVX0UU, elapsed_time: 1:42:43.04\,,
Site: WUSTL, ID: NDAR_INVLW127JFT, elapsed_time: 1:42:49.04\,,
Skipping WM... Site: WUSTL, ID: NDAR_INVM8PMJ7MH, elapsed_time: 1:42:49.04\,,
Skipping WM... Site: WUSTL, ID: NDAR_INVMJC3XJ60, elapsed_time: 1:42:49.05\,,
Skipping WM... Site: WUSTL, ID: NDAR_INVN2H3FKB7, elapsed_time: 1:42:49.05\,,
Site: WUSTL, ID: NDAR_INVN8WMY397, elapsed_time: 1:42:55.07\,,
Skipping WM... Site: WUSTL, ID: NDAR_INVNNVUN23M, elapsed_time: 1:43:5.54\,,
Skipping REC... Site: WUSTL, ID: NDAR_INVP3G9ZM2J, elapsed_time: 1:43:14.88\,,
Skipping WM... Site: WUSTL, ID: NDAR_INVP8UTHGXY, elapsed_time: 1:43:25.57\,,
Site: WUSTL, ID: NDAR_INVPG5HVR50, elapsed_time: 1:43:31.60\,,
Skipping WM... Site: WUSTL, ID: NDAR_INVR77YG5G1, elapsed_time: 1:43:41.83\,,
Skipping WM... Site: WUSTL, ID: NDAR_INVRAR30NKY, elapsed_time: 1:43:48.42\,,
Skipping WM... Site: WUSTL, ID: NDAR_INVRDM1L34M, elapsed_time: 1:43:59.03\,,
Skipping WM... Site: WUSTL, ID: NDAR_INVRGJHW57A, elapsed_time: 1:43:59.03\,,
Skipping WM... Site: WUSTL, ID: NDAR_INVT6RF977F, elapsed_time: 1:44:9.44\,,
Skipping WM... Site: WUSTL, ID: NDAR_INVTBTBAM4J, elapsed_time: 1:44:19.81\,,
Site: WUSTL, ID: NDAR_INVU5DCN232, elapsed_time: 1:44:25.82\,,
Skipping WM... Site: WUSTL, ID: NDAR_INVUHT34WP1, elapsed_time: 1:44:38.56\,,
Skipping WM... Site: WUSTL, ID: NDAR_INVUVKK59DF, elapsed_time: 1:44:38.57\,,
Skipping WM... Site: WUSTL, ID: NDAR_INVV0BGPHNW, elapsed_time: 1:44:38.57\,,
Site: WUSTL, ID: NDAR_INVVHUHUPY6, elapsed_time: 1:44:44.88\,,
Skipping WM... Site: WUSTL, ID: NDAR_INVW1A2WG25, elapsed_time: 1:44:55.45\,,
Skipping WM... Site: WUSTL, ID: NDAR_INVX79EETRL, elapsed_time: 1:45:6.02\,,
Site: WUSTL, ID: NDAR_INVX99CUTNE, elapsed_time: 1:45:12.05\,,
Site: WUSTL, ID: NDAR_INVXWDXTUZ0, elapsed_time: 1:45:18.12\,,
Skipping REC... Site: WUSTL, ID: NDAR_INVXXT5GG73, elapsed_time: 1:45:23.20\,,
Skipping WM... Site: WUSTL, ID: NDAR_INVXZ44NE7H, elapsed_time: 1:45:33.64\,,
Skipping WM... Site: WUSTL, ID: NDAR_INVXZ627WWU, elapsed_time: 1:45:44.01\,,
Skipping WM... Site: WUSTL, ID: NDAR_INVY8P9LNN8, elapsed_time: 1:45:44.01\,,
Site: WUSTL, ID: NDAR_INVYCCKAV9K, elapsed_time: 1:45:50.01\,,
Skipping WM... Site: WUSTL, ID: NDAR_INVYDF2TPMK, elapsed_time: 1:45:50.01\,,
Skipping WM... Site: WUSTL, ID: NDAR_INVYL2LMJ28, elapsed_time: 1:46:0.49\,,
Skipping WM... Site: WUSTL, ID: NDAR_INVYN4CXY1B, elapsed_time: 1:46:0.50\,,
Skipping WM... Site: WUSTL, ID: NDAR_INVYPRNYTTL, elapsed_time: 1:46:10.88\,,
Skipping REC... Site: WUSTL, ID: NDAR_INVYRZULCBY, elapsed_time: 1:46:13.85\,,
Skipping WM... Site: WUSTL, ID: NDAR_INVZ24E0KC2, elapsed_time: 1:46:24.35\,,
Skipping WM... Site: WUSTL, ID: NDAR_INVZJFZNNPJ, elapsed_time: 1:46:34.77\,,
Site: YALE, ID: NDAR_INV158CYMLK, elapsed_time: 1:46:40.84\,,
Site: YALE, ID: NDAR_INV1E4F8UMB, elapsed_time: 1:46:46.85\,,
Site: YALE, ID: NDAR_INV1H63RRB3, elapsed_time: 1:46:52.83\,,
Skipping WM... Site: YALE, ID: NDAR_INV1LLU2LBA, elapsed_time: 1:46:52.83\,,
Site: YALE, ID: NDAR_INV1MF1L9LR, elapsed_time: 1:46:58.84\,,
Site: YALE, ID: NDAR_INV3385AZ13, elapsed_time: 1:47:4.89\,,
Site: YALE, ID: NDAR_INV3KTW4M91, elapsed_time: 1:47:16.76\,,
Site: YALE, ID: NDAR_INV4BKN34GB, elapsed_time: 1:47:22.92\,,
Site: YALE, ID: NDAR_INV4BU3CBM5, elapsed_time: 1:47:28.92\,,
Site: YALE, ID: NDAR_INV4PKFHBXH, elapsed_time: 1:47:35.03\,,
Skipping WM... Site: YALE, ID: NDAR_INV4R7NANWE, elapsed_time: 1:47:41.77\,,
Site: YALE, ID: NDAR_INV5BF7P17A, elapsed_time: 1:47:48.12\,,
Site: YALE, ID: NDAR_INV60VLVXBP, elapsed_time: 1:47:59.90\,,
Site: YALE, ID: NDAR_INV7BCF45XY, elapsed_time: 1:48:5.83\,,
Site: YALE, ID: NDAR_INV7BTZH7L2, elapsed_time: 1:48:11.90\,,
Site: YALE, ID: NDAR_INV97YHGYC9, elapsed_time: 1:48:18.03\,,
Skipping WM... Site: YALE, ID: NDAR_INV9TZYNDC7, elapsed_time: 1:48:18.03\,,
Site: YALE, ID: NDAR_INVA31C7WYJ, elapsed_time: 1:48:24.37\,,
Site: YALE, ID: NDAR_INVAYL4T0GT, elapsed_time: 1:48:36.42\,,
Site: YALE, ID: NDAR_INVB1DNH7JC, elapsed_time: 1:48:42.41\,,
Site: YALE, ID: NDAR_INVBE6KKTH2, elapsed_time: 1:48:48.42\,,
Skipping WM... Site: YALE, ID: NDAR_INVBFGLJHYJ, elapsed_time: 1:48:48.42\,,
Site: YALE, ID: NDAR_INVD4KGD45Y, elapsed_time: 1:48:54.39\,,
Site: YALE, ID: NDAR_INVD6X8GC05, elapsed_time: 1:49:0.41\,,
Site: YALE, ID: NDAR_INVF72J4L68, elapsed_time: 1:49:12.47\,,
Site: YALE, ID: NDAR_INVFE5VTN03, elapsed_time: 1:49:24.75\,,
Site: YALE, ID: NDAR_INVFVKBTZUT, elapsed_time: 1:49:30.71\,,
Site: YALE, ID: NDAR_INVFXG8Z1V0, elapsed_time: 1:49:36.95\,,
Skipping WM... Site: YALE, ID: NDAR_INVGC7NCM6H, elapsed_time: 1:49:43.91\,,
Site: YALE, ID: NDAR_INVGD1EZA7B, elapsed_time: 1:49:50.19\,,
Site: YALE, ID: NDAR_INVGGDFBWCL, elapsed_time: 1:49:56.16\,,
Site: YALE, ID: NDAR_INVGH562UEB, elapsed_time: 1:50:2.28\,,
Site: YALE, ID: NDAR_INVGNHB07CM, elapsed_time: 1:50:8.29\,,
Skipping WM... Site: YALE, ID: NDAR_INVGU3ADLYR, elapsed_time: 1:50:14.81\,,
Site: YALE, ID: NDAR_INVGYEM7M97, elapsed_time: 1:50:20.74\,,
Site: YALE, ID: NDAR_INVH2N0P8GY, elapsed_time: 1:50:26.83\,,
Site: YALE, ID: NDAR_INVHAHA8KEB, elapsed_time: 1:50:32.74\,,
Site: YALE, ID: NDAR_INVHBZ05H20, elapsed_time: 1:50:38.61\,,
Skipping WM... Site: YALE, ID: NDAR_INVJ2CBCRYX, elapsed_time: 1:50:45.14\,,
Skipping WM... Site: YALE, ID: NDAR_INVJGY9JJPW, elapsed_time: 1:50:51.68\,,
Skipping REC... Site: YALE, ID: NDAR_INVK2KR1DUA, elapsed_time: 1:50:54.58\,,
Skipping WM... Site: YALE, ID: NDAR_INVKF0KH7ZK, elapsed_time: 1:51:1.06\,,
Site: YALE, ID: NDAR_INVKW1ALL48, elapsed_time: 1:51:7.02\,,
Skipping REC... Site: YALE, ID: NDAR_INVKY6C0Z8R, elapsed_time: 1:51:9.89\,,
Skipping WM... Site: YALE, ID: NDAR_INVL1FAK49Y, elapsed_time: 1:51:9.90\,,
Skipping WM... Site: YALE, ID: NDAR_INVL6J5NEVL, elapsed_time: 1:51:16.38\,,
Site: YALE, ID: NDAR_INVLK2RXTA3, elapsed_time: 1:51:27.88\,,
Site: YALE, ID: NDAR_INVM6LR22KX, elapsed_time: 1:51:33.92\,,
Site: YALE, ID: NDAR_INVN5HX249Z, elapsed_time: 1:51:39.80\,,
Site: YALE, ID: NDAR_INVNGJJTJJD, elapsed_time: 1:51:45.69\,,
Site: YALE, ID: NDAR_INVRFJLGX8M, elapsed_time: 1:51:51.60\,,
Skipping WM... Site: YALE, ID: NDAR_INVRXEE3K3Y, elapsed_time: 1:51:58.10\,,
Skipping WM... Site: YALE, ID: NDAR_INVT2JJ42KE, elapsed_time: 1:52:4.63\,,
Site: YALE, ID: NDAR_INVTDXY0L82, elapsed_time: 1:52:10.52\,,
Site: YALE, ID: NDAR_INVUC80Z0WM, elapsed_time: 1:52:22.24\,,
Skipping WM... Site: YALE, ID: NDAR_INVUEXW27D7, elapsed_time: 1:52:22.24\,,
Site: YALE, ID: NDAR_INVUJ1389BN, elapsed_time: 1:52:28.26\,,
Site: YALE, ID: NDAR_INVURZU1N9V, elapsed_time: 1:52:34.38\,,
Site: YALE, ID: NDAR_INVW03T0R3Y, elapsed_time: 1:52:40.34\,,
Skipping WM... Site: YALE, ID: NDAR_INVWGYVBK6Y, elapsed_time: 1:52:52.82\,,
Site: YALE, ID: NDAR_INVXHU70DR0, elapsed_time: 1:52:58.91\,,
Site: YALE, ID: NDAR_INVXP71CVE9, elapsed_time: 1:53:5.09\,,
Skipping REC... Site: YALE, ID: NDAR_INVXRBWGD7W, elapsed_time: 1:53:8.01\,,
Site: YALE, ID: NDAR_INVY3P99M8A, elapsed_time: 1:53:13.84\,,
Skipping REC... Site: YALE, ID: NDAR_INVZJ8TBWKJ, elapsed_time: 1:53:19.57},,
,,,,
,,,322,